BPI_Rank,Team,Abbreviation,Team_ID,Conference,AP_Rank,Coaches_Rank,BPI,Off_BPI,Def_BPI,BPI_Win_Pct,SOS_Rank,W,L,Proj_W,Proj_L,Conf_W,Conf_L,Proj_Conf_W,Proj_Conf_L,SOR_Rank,Q1_W,Q1_L,Q2_W,Q2_L,SOR,Avg_Opp_Rank,Tournament_Seed,Proj_Seed,Region,Win_Title_Pct,Final_Four_Pct,Elite_8_Pct,Sweet_16_Pct,Round_32_Pct,Round_64_Pct
1,Duke Blue Devils,DUKE,150,ACC,1,1,25.6415,12.8544,12.7871,100.0,88.0,32.0,2.0,32.9903,2.0097,17.0,1.0,17.0,1.0,3.0,1.0,3.0,15.0,2.0,13.0,8.0,1.0,1.0,EAST,24.38,37.91,57.06,74.76,91.72,99.03
2,Michigan Wolverines,MICH,130,Big Ten,3,3,24.1012,11.7175,12.3836,100.0,,31.0,3.0,31.0,3.0,19.0,1.0,19.0,1.0,2.0,1.0,2.0,17.0,3.0,2.0,1.0,1.0,1.0,MIDWEST,15.32,27.88,46.089999999999996,68.53,89.8,99.25
3,Arizona Wildcats,ARIZ,12,Big 12,2,2,23.7373,11.934,11.8033,100.0,93.0,32.0,2.0,32.9896,2.0104,16.0,2.0,16.0,2.0,1.0,1.0,1.0,16.0,2.0,24.0,25.0,1.0,1.0,WEST,13.98,26.13,44.81,69.27,89.0,98.96000000000001
4,Houston Cougars,HOU,248,Big 12,5,5,23.0292,10.4533,12.5759,0.0,84.0,28.0,6.0,28.9823,6.0177,14.0,4.0,14.0,4.0,6.0,2.0,6.0,12.0,6.0,27.0,26.0,2.0,2.0,SOUTH,9.4,17.330000000000002,33.32,54.059999999999995,86.37,98.22999999999999
5,Florida Gators,FLA,57,SEC,4,4,22.3253,10.923,11.4023,100.0,,26.0,7.0,26.0,7.0,16.0,2.0,16.0,2.0,5.0,2.0,5.0,13.0,7.0,5.0,11.0,2.0,1.0,SOUTH,7.739999999999999,15.260000000000002,31.35,60.17,85.74000000000001,99.61
6,Iowa State Cyclones,ISU,66,Big 12,6,6,21.5102,10.0973,11.4129,0.0,92.0,27.0,7.0,27.9836,7.0164,12.0,6.0,12.0,6.0,14.0,4.0,14.0,9.0,7.0,49.0,65.0,4.0,2.0,MIDWEST,6.0,13.36,26.490000000000002,54.52,81.67999999999999,98.36
7,Illinois Fighting Illini,ILL,356,Big Ten,13,12,21.0165,13.1303,7.8862,0.0,81.0,24.0,8.0,24.9728,8.0272,15.0,5.0,15.0,5.0,17.0,5.0,17.0,9.0,8.0,17.0,32.0,5.0,3.0,SOUTH,4.2,9.13,20.66,38.53,83.62,97.28
8,Gonzaga Bulldogs,GONZ,2250,WCC,12,10,20.6478,9.6396,11.0082,100.0,67.0,30.0,3.0,30.9559,3.0441,16.0,2.0,16.0,2.0,11.0,3.0,11.0,8.0,2.0,89.0,12.0,3.0,3.0,WEST,3.6799999999999997,8.89,19.28,41.21,76.2,95.59
9,Purdue Boilermakers,PUR,2509,Big Ten,8,13,20.628,13.7919,6.8361,0.0,89.0,27.0,8.0,27.9782,8.0218,13.0,7.0,13.0,7.0,7.0,2.0,7.0,12.0,8.0,4.0,4.0,2.0,2.0,WEST,4.2700000000000005,10.23,22.009999999999998,46.69,84.86,97.82
10,UConn Huskies,CONN,41,Big East,7,7,19.3969,9.0772,10.3197,0.0,79.0,29.0,5.0,29.9644,5.0356,17.0,3.0,17.0,3.0,4.0,1.0,4.0,8.0,3.0,22.0,18.0,1.0,2.0,EAST,2.44,6.18,14.84,42.59,78.22,96.44
11,Louisville Cardinals,LOU,97,ACC,23,24,19.0765,10.3545,8.722,0.0,47.0,23.0,10.0,23.8099,10.1901,11.0,7.0,11.0,7.0,26.0,7.0,26.0,8.0,9.0,41.0,31.0,7.0,6.0,EAST,0.91,2.41,6.04,18.099999999999998,34.36,80.99
12,Tennessee Volunteers,TENN,2633,SEC,23,25,18.8811,8.6705,10.2107,0.0,,22.0,11.0,22.0,11.0,11.0,7.0,11.0,7.0,22.0,6.0,22.0,10.0,10.0,11.0,38.0,6.0,6.0,MIDWEST,0.91,2.6,6.49,16.8,38.56,78.48
13,Michigan State Spartans,MSU,127,Big Ten,11,11,18.4225,8.0222,10.4004,0.0,68.0,25.0,7.0,25.9421,7.0579,15.0,5.0,15.0,5.0,13.0,4.0,13.0,11.0,6.0,15.0,35.0,4.0,3.0,EAST,1.3299999999999998,3.7199999999999998,9.84,31.209999999999997,61.94,94.21000000000001
14,Vanderbilt Commodores,VAN,238,SEC,16,16,18.1727,11.0616,7.1111,0.0,52.0,26.0,8.0,26.8123,8.1877,11.0,7.0,11.0,7.0,12.0,3.0,12.0,11.0,8.0,7.0,23.0,3.0,5.0,SOUTH,0.58,1.67,4.97,13.919999999999998,36.89,81.23
15,Alabama Crimson Tide,ALA,333,SEC,18,18,17.8759,12.3403,5.5356,0.0,64.0,23.0,9.0,23.9008,9.0992,13.0,5.0,13.0,5.0,15.0,4.0,15.0,11.0,8.0,1.0,2.0,4.0,4.0,MIDWEST,0.89,2.9000000000000004,8.129999999999999,19.18,64.42,90.08
16,St. John's Red Storm,SJU,2599,Big East,10,9,17.8061,7.3162,10.4899,100.0,57.0,28.0,6.0,28.85,6.15,18.0,2.0,18.0,2.0,16.0,4.0,16.0,5.0,5.0,14.0,10.0,4.0,5.0,EAST,0.51,1.53,4.37,9.46,38.67,85.0
17,Arkansas Razorbacks,ARK,8,SEC,14,15,16.9541,11.0824,5.8718,0.0,66.0,26.0,8.0,26.9163,8.0837,13.0,5.0,13.0,5.0,8.0,2.0,8.0,12.0,8.0,8.0,22.0,2.0,4.0,WEST,0.62,2.23,6.959999999999999,18.65,65.91,91.63
18,Nebraska Cornhuskers,NEB,158,Big Ten,15,14,16.9447,6.0862,10.8584,0.0,69.0,26.0,6.0,26.9271,6.0729,15.0,5.0,15.0,5.0,10.0,3.0,10.0,8.0,6.0,51.0,169.0,3.0,4.0,SOUTH,0.5599999999999999,1.8499999999999999,6.23,19.74,58.919999999999995,92.71000000000001
19,BYU Cougars,BYU,252,Big 12,,,16.7677,10.9399,5.8278,0.0,,23.0,11.0,23.0,11.0,9.0,9.0,9.0,9.0,24.0,6.0,24.0,9.0,9.0,23.0,24.0,6.0,6.0,WEST,0.18,0.67,2.11,6.4799999999999995,16.71,63.349999999999994
20,Virginia Cavaliers,UVA,258,ACC,9,8,16.731,8.5164,8.2145,0.0,72.0,29.0,5.0,29.93,5.07,15.0,3.0,15.0,3.0,9.0,3.0,9.0,9.0,3.0,58.0,47.0,3.0,3.0,MIDWEST,0.54,1.96,6.11,19.63,55.54,93.0
21,Texas Tech Red Raiders,TTU,2641,Big 12,20,19,16.5953,9.9698,6.6255,0.0,56.0,22.0,10.0,22.8195,10.1805,12.0,6.0,12.0,6.0,20.0,5.0,20.0,8.0,8.0,9.0,15.0,5.0,5.0,MIDWEST,0.27,0.98,3.11,8.19,31.259999999999998,81.95
22,Kansas Jayhawks,KU,2305,Big 12,17,17,16.585,6.1044,10.4806,0.0,71.0,23.0,10.0,23.9262,10.0738,12.0,6.0,12.0,6.0,18.0,5.0,18.0,11.0,8.0,3.0,3.0,5.0,4.0,EAST,0.45999999999999996,1.59,5.140000000000001,12.41,58.28,92.62
23,Kentucky Wildcats,UK,96,SEC,,,16.5241,8.8854,7.6387,0.0,44.0,21.0,13.0,21.7224,13.2776,10.0,8.0,10.0,8.0,27.0,7.0,27.0,9.0,13.0,10.0,30.0,7.0,7.0,MIDWEST,0.18,0.6799999999999999,2.17,7.19,15.409999999999998,72.24000000000001
24,Wisconsin Badgers,WIS,275,Big Ten,19,20,15.7671,10.0323,5.7348,0.0,53.0,24.0,10.0,24.7627,10.2373,14.0,6.0,14.0,6.0,19.0,5.0,19.0,10.0,8.0,19.0,29.0,5.0,5.0,WEST,0.16,0.67,2.36,7.13,28.610000000000003,76.27000000000001
25,UCLA Bruins,UCLA,26,Big Ten,,,15.1654,8.7947,6.3708,0.0,51.0,23.0,11.0,23.7219,11.2781,13.0,7.0,13.0,7.0,29.0,8.0,29.0,6.0,9.0,50.0,92.0,8.0,7.0,EAST,0.1,0.38999999999999996,1.47,6.68,17.94,72.19
26,Ohio State Buckeyes,OSU,194,Big Ten,,,14.8926,9.3849,5.5077,0.0,42.0,21.0,12.0,21.6537,12.3463,12.0,8.0,12.0,8.0,33.0,9.0,33.0,6.0,11.0,20.0,55.0,9.0,8.0,EAST,0.06,0.24,0.9299999999999999,2.65,6.25,65.36999999999999
27,Saint Mary's Gaels,SMC,2608,WCC,22,22,14.8074,5.9875,8.8199,100.0,28.0,27.0,5.0,27.5316,5.4684,16.0,2.0,16.0,2.0,30.0,8.0,30.0,2.0,4.0,96.0,44.0,8.0,7.0,SOUTH,0.04,0.16,0.69,2.31,7.51,53.16
28,Auburn Tigers,AUB,2,SEC,,,14.7488,10.5654,4.1834,0.0,94.0,17.0,16.0,17.9643,16.0357,7.0,11.0,7.0,11.0,43.0,11.0,43.0,6.0,14.0,6.0,13.0,11.0,,-,,,,,,
29,Clemson Tigers,CLEM,228,ACC,,,14.6096,5.9147,8.695,0.0,26.0,24.0,10.0,24.5059,10.4941,12.0,6.0,12.0,6.0,32.0,8.0,32.0,7.0,6.0,53.0,27.0,8.0,8.0,SOUTH,0.04,0.16,0.7000000000000001,2.92,7.28,50.59
30,North Carolina Tar Heels,UNC,153,ACC,21,21,14.4636,7.6599,6.8038,0.0,41.0,24.0,8.0,24.6152,8.3848,12.0,6.0,12.0,6.0,21.0,6.0,21.0,7.0,6.0,40.0,57.0,6.0,6.0,SOUTH,0.04,0.16,0.74,2.58,11.19,61.519999999999996
31,Iowa Hawkeyes,IOWA,2294,Big Ten,,,14.4241,8.2112,6.2129,0.0,25.0,21.0,12.0,21.4941,12.5059,10.0,10.0,10.0,10.0,40.0,10.0,40.0,5.0,9.0,54.0,162.0,10.0,9.0,SOUTH,0.03,0.15,0.65,2.76,6.97,49.41
32,Texas A&M Aggies,TA&M,245,SEC,,,14.1932,8.3294,5.8638,0.0,24.0,21.0,11.0,21.4684,11.5316,11.0,7.0,11.0,7.0,36.0,9.0,36.0,6.0,9.0,68.0,192.0,9.0,10.0,SOUTH,0.02,0.1,0.47000000000000003,1.7000000000000002,6.0,46.839999999999996
33,Georgia Bulldogs,UGA,61,SEC,,,14.0752,9.0027,5.0725,0.0,31.0,22.0,10.0,22.5091,10.4909,10.0,8.0,10.0,8.0,31.0,8.0,31.0,7.0,8.0,63.0,217.0,8.0,8.0,MIDWEST,0.03,0.13,0.5599999999999999,1.9800000000000002,5.24,50.91
34,Utah State Aggies,USU,328,Mountain West,,,14.0482,8.5645,5.4837,100.0,32.0,28.0,6.0,28.5162,6.4838,15.0,5.0,15.0,5.0,34.0,9.0,34.0,1.0,0.0,81.0,58.0,9.0,9.0,WEST,0.03,0.15,0.66,2.41,5.800000000000001,51.62
35,Saint Louis Billikens,SLU,139,A-10,,,13.8288,7.5197,6.3091,100.0,30.0,28.0,5.0,28.4909,5.5091,15.0,3.0,15.0,3.0,38.0,10.0,38.0,3.0,0.0,112.0,221.0,10.0,9.0,MIDWEST,0.02,0.11,0.5,1.81,4.9,49.09
36,Villanova Wildcats,VILL,222,Big East,,,13.6206,7.4398,6.1809,0.0,29.0,24.0,8.0,24.4838,8.5162,15.0,5.0,15.0,5.0,23.0,6.0,23.0,1.0,6.0,34.0,46.0,6.0,8.0,WEST,0.02,0.12,0.54,2.06,5.1499999999999995,48.38
37,NC State Wolfpack,NCSU,152,ACC,,,13.5352,9.1021,4.4331,0.0,34.0,20.0,13.0,20.5024,13.4976,10.0,8.0,10.0,8.0,45.0,11.0,45.0,4.0,9.0,25.0,20.0,11.0,11.0,WEST,0.01,0.05,0.21,0.9299999999999999,3.36,18.459999999999997
38,Indiana Hoosiers,IU,84,Big Ten,,,13.5181,7.6604,5.8577,0.0,,18.0,14.0,18.0,14.0,9.0,11.0,9.0,11.0,51.0,13.0,72.0,4.0,10.0,48.0,153.0,13.0,,-,,,,,,
39,Texas Longhorns,TEX,251,SEC,,,13.4698,9.8482,3.6216,0.0,33.0,18.0,14.0,18.4976,14.5024,9.0,9.0,9.0,9.0,44.0,11.0,44.0,7.0,11.0,61.0,195.0,11.0,11.0,WEST,0.01,0.04,0.2,0.8999999999999999,3.29,18.18
40,Miami Hurricanes,MIA,2390,ACC,25,23,13.2669,7.6619,5.6049,0.0,39.0,25.0,8.0,25.5507,8.4493,13.0,5.0,13.0,5.0,25.0,7.0,25.0,4.0,6.0,76.0,148.0,7.0,7.0,WEST,0.02,0.11,0.52,2.35,8.81,55.06999999999999
41,Oklahoma Sooners,OU,201,SEC,,,13.2631,9.8593,3.4039,0.0,,19.0,15.0,19.0,15.0,7.0,11.0,7.0,11.0,46.0,11.0,69.0,6.0,12.0,36.0,85.0,11.0,,-,,,,,,
42,SMU Mustangs,SMU,2567,ACC,,,12.5522,8.5379,4.0143,0.0,61.0,20.0,13.0,20.7453,13.2547,8.0,10.0,8.0,10.0,49.0,12.0,71.0,3.0,8.0,45.0,56.0,12.0,11.0,MIDWEST,0.01,0.04,0.2,1.08,5.04,18.87
43,Cincinnati Bearcats,CIN,2132,Big 12,,,12.312,2.1008,10.2112,0.0,,18.0,15.0,18.0,15.0,9.0,9.0,9.0,9.0,67.0,16.0,86.0,4.0,10.0,62.0,116.0,16.0,,-,,,,,,
44,Missouri Tigers,MIZ,142,SEC,,,12.0415,7.7274,4.314,0.0,35.0,20.0,12.0,20.4493,12.5507,10.0,8.0,10.0,8.0,41.0,11.0,41.0,7.0,9.0,59.0,216.0,11.0,10.0,WEST,0.01,0.05,0.27,1.4200000000000002,6.16,44.93
45,Baylor Bears,BAY,239,Big 12,,,11.9474,9.0395,2.9079,0.0,,16.0,16.0,16.0,16.0,6.0,12.0,6.0,12.0,69.0,,88.0,2.0,13.0,44.0,95.0,,,-,,,,,,
46,VCU Rams,VCU,2670,A-10,,,11.6988,6.6032,5.0956,100.0,27.0,27.0,7.0,27.3848,7.6152,15.0,3.0,15.0,3.0,39.0,10.0,39.0,0.0,5.0,92.0,83.0,10.0,11.0,SOUTH,0.0,0.03,0.16,0.8,4.9399999999999995,38.48
47,West Virginia Mountaineers,WVU,277,Big 12,,,11.2493,2.3302,8.919,0.0,,18.0,14.0,18.0,14.0,9.0,9.0,9.0,9.0,68.0,16.0,87.0,4.0,9.0,74.0,199.0,16.0,,-,,,,,,
48,TCU Horned Frogs,TCU,2628,Big 12,,,11.1966,3.6221,7.5745,0.0,23.0,22.0,11.0,22.3463,11.6537,11.0,7.0,11.0,7.0,35.0,9.0,35.0,8.0,6.0,71.0,139.0,9.0,9.0,EAST,0.0,0.02,0.12,0.5499999999999999,1.96,34.63
49,Santa Clara Broncos,SCU,2541,WCC,,,10.8587,7.0263,3.8324,0.0,20.0,26.0,8.0,26.2776,8.7224,15.0,3.0,15.0,3.0,42.0,11.0,42.0,2.0,5.0,90.0,28.0,11.0,10.0,MIDWEST,0.0,0.02,0.11,0.72,2.82,27.76
50,Washington Huskies,WASH,264,Big Ten,,,10.5472,5.3714,5.1758,0.0,,16.0,17.0,16.0,17.0,7.0,13.0,7.0,13.0,77.0,,96.0,1.0,12.0,32.0,73.0,,,-,,,,,,
51,South Florida Bulls,USF,58,American,,,10.5409,5.0985,5.4424,100.0,9.0,25.0,8.0,25.1901,8.8099,15.0,3.0,15.0,3.0,50.0,12.0,47.0,1.0,2.0,95.0,54.0,12.0,11.0,EAST,0.0,0.01,0.08,0.7000000000000001,3.2399999999999998,19.009999999999998
52,Ole Miss Rebels,MISS,145,SEC,,,10.507,4.7661,5.7409,0.0,,15.0,20.0,15.0,20.0,4.0,14.0,4.0,14.0,78.0,,97.0,6.0,16.0,21.0,36.0,,,-,,,,,,
53,LSU Tigers,LSU,99,SEC,,,10.0588,6.8739,3.1849,0.0,,15.0,17.0,15.0,17.0,3.0,15.0,3.0,15.0,81.0,,100.0,2.0,15.0,67.0,204.0,,,-,,,,,,
54,Seton Hall Pirates,HALL,2550,Big East,,,10.0505,0.6357,9.4149,0.0,,21.0,12.0,21.0,12.0,10.0,10.0,10.0,10.0,48.0,12.0,70.0,1.0,7.0,57.0,100.0,12.0,,-,,,,,,
55,New Mexico Lobos,UNM,167,Mountain West,,,9.8071,4.1707,5.6364,0.0,76.0,23.0,10.0,23.8315,10.1685,13.0,7.0,13.0,7.0,63.0,16.0,83.0,2.0,3.0,94.0,128.0,16.0,,-,,,,,,
56,San Diego State Aztecs,SDSU,21,Mountain West,,,9.7877,2.0018,7.7859,0.0,,22.0,11.0,22.0,11.0,14.0,6.0,14.0,6.0,55.0,14.0,75.0,1.0,5.0,78.0,33.0,14.0,,-,,,,,,
57,UCF Knights,UCF,2116,Big 12,,,9.6256,6.5859,3.0397,0.0,22.0,21.0,11.0,21.2781,11.7219,9.0,9.0,9.0,9.0,37.0,10.0,37.0,7.0,9.0,37.0,75.0,10.0,10.0,EAST,0.0,0.01,0.06999999999999999,0.66,3.5000000000000004,27.810000000000002
58,Northwestern Wildcats,NU,77,Big Ten,,,9.6048,5.1451,4.4597,0.0,,15.0,19.0,15.0,19.0,5.0,15.0,5.0,15.0,83.0,,102.0,2.0,14.0,30.0,62.0,,,-,,,,,,
59,Providence Friars,PROV,2507,Big East,,,9.5819,7.8896,1.6924,0.0,,15.0,18.0,15.0,18.0,7.0,13.0,7.0,13.0,94.0,,112.0,1.0,8.0,35.0,53.0,,,-,,,,,,
60,McNeese Cowboys,MCN,2377,Southland,,,9.4205,4.4461,4.9745,0.0,11.0,28.0,5.0,28.1877,5.8123,19.0,3.0,19.0,3.0,47.0,12.0,46.0,0.0,2.0,192.0,69.0,12.0,12.0,SOUTH,0.0007106899999999999,0.01,0.06,0.45999999999999996,3.53,18.77
61,Wake Forest Demon Deacons,WAKE,154,ACC,,,9.3889,5.2587,4.1302,0.0,87.0,17.0,16.0,17.8652,16.1348,7.0,11.0,7.0,11.0,72.0,,91.0,2.0,13.0,43.0,42.0,,,-,,,,,,
62,Creighton Bluejays,CREI,156,Big East,,,9.0817,5.3132,3.7685,0.0,,15.0,17.0,15.0,17.0,9.0,11.0,9.0,11.0,79.0,,98.0,2.0,8.0,29.0,41.0,,,-,,,,,,
63,High Point Panthers,HPU,2272,Big South,,,8.9175,6.3078,2.6098,100.0,21.0,30.0,4.0,30.2373,4.7627,15.0,1.0,15.0,1.0,66.0,16.0,49.0,0.0,0.0,346.0,360.0,16.0,12.0,WEST,0.0006503,0.01,0.06,0.43,4.33,23.73
64,Dayton Flyers,DAY,2168,A-10,,,8.7709,2.1112,6.6597,0.0,60.0,23.0,11.0,23.6015,11.3985,12.0,6.0,12.0,6.0,61.0,15.0,81.0,2.0,7.0,82.0,34.0,15.0,,-,,,,,,
65,Butler Bulldogs,BUT,2086,Big East,,,8.7588,5.4772,3.2815,0.0,,16.0,16.0,16.0,16.0,7.0,13.0,7.0,13.0,82.0,,101.0,1.0,7.0,52.0,105.0,,,-,,,,,,
66,Virginia Tech Hokies,VT,259,ACC,,,8.6839,4.7656,3.9183,0.0,,19.0,13.0,19.0,13.0,8.0,10.0,8.0,10.0,54.0,13.0,74.0,2.0,9.0,64.0,77.0,13.0,,-,,,,,,
67,USC Trojans,USC,30,Big Ten,,,8.6668,3.7618,4.9049,0.0,,18.0,14.0,18.0,14.0,7.0,13.0,7.0,13.0,58.0,14.0,78.0,2.0,12.0,47.0,144.0,14.0,,-,,,,,,
68,Tulsa Golden Hurricane,TLSA,202,American,,,8.6136,6.945,1.6686,0.0,77.0,26.0,7.0,26.8058,7.1942,13.0,5.0,13.0,5.0,60.0,15.0,80.0,0.0,0.0,123.0,220.0,15.0,,-,,,,,,
69,Florida State Seminoles,FSU,52,ACC,,,8.1234,4.5575,3.5659,0.0,,18.0,15.0,18.0,15.0,10.0,8.0,10.0,8.0,65.0,16.0,85.0,3.0,11.0,65.0,81.0,16.0,,-,,,,,,
70,Minnesota Golden Gophers,MINN,135,Big Ten,,,8.0052,3.5564,4.4488,0.0,,15.0,17.0,15.0,17.0,8.0,12.0,8.0,12.0,88.0,,106.0,4.0,11.0,66.0,251.0,,,-,,,,,,
71,Georgetown Hoyas,GTWN,46,Big East,,,7.9916,3.3629,4.6287,0.0,,16.0,18.0,16.0,18.0,6.0,14.0,6.0,14.0,90.0,,108.0,2.0,9.0,38.0,59.0,,,-,,,,,,
72,Grand Canyon Lopes,GCU,2253,Mountain West,,,7.9912,0.9708,7.0205,0.0,,20.0,12.0,20.0,12.0,13.0,7.0,13.0,7.0,84.0,,103.0,1.0,3.0,98.0,191.0,,,-,,,,,,
73,George Washington Revolutionaries,GW,45,A-10,,,7.8707,4.8576,3.0131,0.0,59.0,18.0,15.0,18.5506,15.4494,8.0,10.0,8.0,10.0,130.0,,140.0,0.0,4.0,108.0,160.0,,,-,,,,,,
74,Oklahoma State Cowboys,OKST,197,Big 12,,,7.8684,5.1382,2.7301,0.0,75.0,19.0,14.0,19.7703,14.2297,6.0,12.0,6.0,12.0,53.0,13.0,73.0,3.0,12.0,46.0,88.0,13.0,,-,,,,,,
75,Stanford Cardinal,STAN,24,ACC,,,7.8381,4.1467,3.6914,0.0,,20.0,12.0,20.0,12.0,9.0,9.0,9.0,9.0,62.0,15.0,82.0,5.0,4.0,75.0,146.0,15.0,,-,,,,,,
76,Marquette Golden Eagles,MARQ,269,Big East,,,7.7804,2.0483,5.7321,0.0,,12.0,20.0,12.0,20.0,7.0,13.0,7.0,13.0,116.0,,130.0,1.0,9.0,31.0,48.0,,,-,,,,,,
77,Akron Zips,AKR,2006,MAC,,,7.721,5.6016,2.1193,0.0,18.0,29.0,5.0,29.1805,5.8195,17.0,1.0,17.0,1.0,52.0,13.0,48.0,0.0,1.0,237.0,253.0,13.0,12.0,MIDWEST,0.00020399,0.0,0.03,0.21,2.68,18.05
78,Syracuse Orange,SYR,183,ACC,,,7.6524,3.8979,3.7545,0.0,,15.0,17.0,15.0,17.0,6.0,12.0,6.0,12.0,93.0,,111.0,2.0,12.0,72.0,98.0,,,-,,,,,,
79,Boise State Broncos,BOIS,68,Mountain West,,,7.6204,4.4116,3.2088,0.0,,20.0,12.0,20.0,12.0,12.0,8.0,12.0,8.0,74.0,,93.0,1.0,3.0,80.0,76.0,,,-,,,,,,
80,Mississippi State Bulldogs,MSST,344,SEC,,,7.5609,3.9184,3.6426,0.0,,13.0,19.0,13.0,19.0,5.0,13.0,5.0,13.0,92.0,,110.0,3.0,14.0,12.0,60.0,,,-,,,,,,
81,California Golden Bears,CAL,25,ACC,,,7.5597,3.0491,4.5106,0.0,78.0,21.0,11.0,21.7824,11.2176,9.0,9.0,9.0,9.0,56.0,14.0,76.0,4.0,4.0,83.0,299.0,14.0,,-,,,,,,
82,Northern Iowa Panthers,UNI,2460,MVC,,,7.3737,0.2256,7.1481,0.0,13.0,23.0,12.0,23.15,12.85,11.0,9.0,11.0,9.0,105.0,,54.0,0.0,1.0,121.0,140.0,,12.0,EAST,0.00015108,0.0,0.02,0.15,2.36,15.0
83,Nevada Wolf Pack,NEV,2440,Mountain West,,,7.2623,3.8154,3.4468,0.0,83.0,22.0,12.0,22.7889,12.2111,12.0,8.0,12.0,8.0,76.0,,95.0,1.0,4.0,88.0,61.0,,,-,,,,,,
84,Wichita State Shockers,WICH,2724,American,,,6.8167,2.7444,4.0722,0.0,80.0,22.0,11.0,22.7641,11.2359,13.0,5.0,13.0,5.0,86.0,,104.0,0.0,1.0,109.0,108.0,,,-,,,,,,
85,George Mason Patriots,GMU,2244,A-10,,,6.7368,2.5207,4.2161,0.0,70.0,23.0,9.0,23.7044,9.2956,11.0,7.0,11.0,7.0,75.0,,94.0,2.0,1.0,114.0,326.0,,,-,,,,,,
86,Colorado State Rams,CSU,36,Mountain West,,,6.7071,5.7619,0.9452,0.0,82.0,21.0,12.0,21.7643,12.2357,11.0,9.0,11.0,9.0,89.0,,107.0,0.0,2.0,97.0,175.0,,,-,,,,,,
87,Kansas State Wildcats,KSU,2306,Big 12,,,6.656,3.4115,3.2445,0.0,,12.0,20.0,12.0,20.0,3.0,15.0,3.0,15.0,107.0,,121.0,2.0,14.0,33.0,64.0,,,-,,,,,,
88,Notre Dame Fighting Irish,ND,87,ACC,,,6.6209,4.2173,2.4035,0.0,,13.0,18.0,13.0,18.0,4.0,14.0,4.0,14.0,106.0,,120.0,3.0,10.0,69.0,87.0,,,-,,,,,,
89,Oregon Ducks,ORE,2483,Big Ten,,,6.5539,2.6314,3.9225,0.0,,12.0,20.0,12.0,20.0,5.0,15.0,5.0,15.0,109.0,,123.0,2.0,13.0,26.0,80.0,,,-,,,,,,
90,Arizona State Sun Devils,ASU,9,Big 12,,,6.4576,3.0457,3.4119,0.0,,17.0,16.0,17.0,16.0,7.0,11.0,7.0,11.0,57.0,14.0,77.0,7.0,11.0,16.0,21.0,14.0,,-,,,,,,
91,Colorado Buffaloes,COLO,38,Big 12,,,6.412,5.0879,1.3241,0.0,,17.0,15.0,17.0,15.0,7.0,11.0,7.0,11.0,73.0,,92.0,2.0,10.0,60.0,109.0,,,-,,,,,,
92,South Carolina Gamecocks,SC,2579,SEC,,,6.3033,2.6651,3.6382,0.0,,13.0,19.0,13.0,19.0,4.0,14.0,4.0,14.0,100.0,,117.0,1.0,15.0,70.0,255.0,,,-,,,,,,
93,Miami (OH) RedHawks,M-OH,193,MAC,,,6.2254,5.0582,1.1672,100.0,38.0,31.0,1.0,31.2547,1.7453,18.0,0.0,18.0,0.0,28.0,7.0,28.0,0.0,0.0,296.0,363.0,7.0,11.0,MIDWEST,1.1580000000000001e-05,0.00018342,0.0,0.03,0.35000000000000003,2.65
94,Pittsburgh Panthers,PITT,221,ACC,,,6.1871,3.6778,2.5092,0.0,,13.0,20.0,13.0,20.0,5.0,13.0,5.0,13.0,121.0,,134.0,1.0,13.0,42.0,45.0,,,-,,,,,,
95,Belmont Bruins,BEL,2057,MVC,,,5.9163,4.944,0.9722,100.0,,26.0,6.0,26.0,6.0,16.0,4.0,16.0,4.0,59.0,15.0,79.0,0.0,0.0,141.0,297.0,15.0,,-,,,,,,
96,Xavier Musketeers,XAV,2752,Big East,,,5.8667,4.4226,1.4441,0.0,,15.0,18.0,15.0,18.0,6.0,14.0,6.0,14.0,91.0,,109.0,2.0,10.0,28.0,40.0,,,-,,,,,,
97,Yale Bulldogs,YALE,43,Ivy,,,5.6146,5.5546,0.06,100.0,74.0,24.0,6.0,24.6941,6.3059,11.0,3.0,11.0,3.0,70.0,,89.0,0.0,1.0,171.0,158.0,,,-,,,,,,
98,Maryland Terrapins,MD,120,Big Ten,,,5.5788,2.7212,2.8576,0.0,,12.0,21.0,12.0,21.0,4.0,16.0,4.0,16.0,101.0,,118.0,2.0,15.0,18.0,43.0,,,-,,,,,,
99,DePaul Blue Demons,DEP,305,Big East,,,5.0883,-0.6018,5.6901,0.0,,16.0,16.0,16.0,16.0,8.0,12.0,8.0,12.0,95.0,,113.0,0.0,6.0,73.0,276.0,,,-,,,,,,
100,Illinois State Redbirds,ILST,2287,MVC,,,5.0,1.6933,3.3067,0.0,90.0,20.0,12.0,20.7686,12.2314,12.0,8.0,12.0,8.0,115.0,,129.0,0.0,1.0,125.0,198.0,,,-,,,,,,
101,Liberty Flames,LIB,2335,CUSA,,,4.7526,5.2352,-0.4826,100.0,49.0,25.0,7.0,25.2956,7.7044,17.0,3.0,17.0,3.0,71.0,,90.0,0.0,1.0,175.0,266.0,,,-,,,,,,
102,Hofstra Pride,HOF,2275,CAA,,,4.6123,1.5204,3.0919,0.0,14.0,24.0,10.0,24.0992,10.9008,12.0,6.0,12.0,6.0,102.0,,52.0,0.0,0.0,162.0,115.0,,13.0,MIDWEST,2.039e-05,0.00040692,0.01,0.08,1.63,9.92
103,Memphis Tigers,MEM,235,American,,,4.4688,-0.0601,4.529,0.0,,13.0,19.0,13.0,19.0,8.0,10.0,8.0,10.0,157.0,,163.0,1.0,4.0,79.0,7.0,,,-,,,,,,
104,UAB Blazers,UAB,5,American,,,4.2216,1.497,2.7246,0.0,,20.0,12.0,20.0,12.0,11.0,7.0,11.0,7.0,113.0,,127.0,0.0,1.0,132.0,270.0,,,-,,,,,,
105,UNLV Rebels,UNLV,2439,Mountain West,,,4.151,2.9028,1.2481,0.0,58.0,17.0,16.0,17.3948,16.6052,11.0,9.0,11.0,9.0,119.0,,132.0,2.0,2.0,87.0,67.0,,,-,,,,,,
106,San Francisco Dons,SF,2539,WCC,,,4.1183,2.4158,1.7025,0.0,,17.0,16.0,17.0,16.0,8.0,10.0,8.0,10.0,138.0,,148.0,0.0,7.0,103.0,151.0,,,-,,,,,,
107,Utah Utes,UTAH,254,Big 12,,,4.0564,3.3634,0.693,0.0,,10.0,22.0,10.0,22.0,2.0,16.0,2.0,16.0,151.0,,157.0,2.0,11.0,39.0,82.0,,,-,,,,,,
108,UNC Wilmington Seahawks,UNCW,350,CAA,,,3.9411,1.6532,2.2879,100.0,54.0,26.0,6.0,26.3059,6.6941,15.0,3.0,15.0,3.0,80.0,,99.0,0.0,0.0,288.0,357.0,,,-,,,,,,
109,Rutgers Scarlet Knights,RUTG,164,Big Ten,,,3.6666,1.5215,2.1451,0.0,,14.0,19.0,14.0,19.0,6.0,14.0,6.0,14.0,99.0,,116.0,0.0,14.0,55.0,138.0,,,-,,,,,,
110,Davidson Wildcats,DAV,2166,A-10,,,3.6527,0.8202,2.8325,0.0,43.0,20.0,13.0,20.2297,13.7703,10.0,8.0,10.0,8.0,110.0,,124.0,0.0,5.0,111.0,207.0,,,-,,,,,,
111,UC Irvine Anteaters,UCI,300,Big West,,,3.538,-2.6319,6.1699,100.0,73.0,23.0,11.0,23.6052,11.3948,15.0,5.0,15.0,5.0,132.0,,142.0,0.0,0.0,217.0,211.0,,,-,,,,,,
112,Sam Houston Bearkats,SHSU,2534,CUSA,,,3.5243,2.5406,0.9837,0.0,36.0,22.0,11.0,22.1685,11.8315,13.0,7.0,13.0,7.0,111.0,,125.0,0.0,1.0,149.0,180.0,,,-,,,,,,
113,Utah Valley Wolverines,UVU,3084,WAC,,,3.5003,0.581,2.9192,100.0,65.0,25.0,8.0,25.4494,8.5506,14.0,4.0,14.0,4.0,96.0,,114.0,0.0,0.0,245.0,214.0,,,-,,,,,,
114,Stephen F. Austin Lumberjacks,SFA,2617,Southland,,,3.2957,0.2614,3.0343,100.0,40.0,28.0,5.0,28.1942,5.8058,20.0,2.0,20.0,2.0,64.0,16.0,84.0,0.0,0.0,261.0,301.0,16.0,,-,,,,,,
115,Rhode Island Rams,URI,227,A-10,,,3.2146,-1.0499,4.2646,0.0,,16.0,16.0,16.0,16.0,7.0,11.0,7.0,11.0,156.0,,162.0,1.0,1.0,105.0,190.0,,,-,,,,,,
116,Bradley Braves,BRAD,71,MVC,,,3.1702,1.5185,1.6516,0.0,62.0,21.0,12.0,21.3985,12.6015,13.0,7.0,13.0,7.0,120.0,,133.0,0.0,0.0,133.0,257.0,,,-,,,,,,
117,UIC Flames,UIC,82,MVC,,,3.0917,0.2545,2.8372,0.0,45.0,19.0,15.0,19.2176,15.7824,12.0,8.0,12.0,8.0,153.0,,159.0,0.0,0.0,131.0,228.0,,,-,,,,,,
118,Wyoming Cowboys,WYO,2751,Mountain West,,,3.0269,2.6379,0.389,0.0,48.0,18.0,14.0,18.2359,14.7641,9.0,11.0,9.0,11.0,114.0,,128.0,0.0,3.0,107.0,318.0,,,-,,,,,,
119,Saint Joseph's Hawks,JOES,2603,A-10,,,2.9818,-1.296,4.2779,0.0,50.0,22.0,11.0,22.2357,11.7643,13.0,5.0,13.0,5.0,87.0,,105.0,0.0,3.0,113.0,229.0,,,-,,,,,,
120,Florida Atlantic Owls,FAU,2226,American,,,2.9075,0.6998,2.2077,0.0,,18.0,15.0,18.0,15.0,9.0,9.0,9.0,9.0,136.0,,146.0,0.0,1.0,104.0,93.0,,,-,,,,,,
121,North Texas Mean Green,UNT,249,American,,,2.832,-2.9371,5.7692,0.0,,19.0,14.0,19.0,14.0,9.0,9.0,9.0,9.0,134.0,,144.0,0.0,3.0,127.0,197.0,,,-,,,,,,
122,Hawai'i Rainbow Warriors,HAW,62,Big West,,,2.7736,-1.4496,4.2232,0.0,16.0,24.0,8.0,24.0837,8.9163,14.0,6.0,14.0,6.0,103.0,,53.0,0.0,0.0,301.0,361.0,,13.0,WEST,4.07e-06,0.00011131,0.0,0.05,1.15,8.37
123,Murray State Racers,MUR,93,MVC,,,2.7352,3.3915,-0.6563,0.0,46.0,20.0,12.0,20.2111,12.7889,12.0,8.0,12.0,8.0,108.0,,122.0,0.0,1.0,117.0,172.0,,,-,,,,,,
124,St. Bonaventure Bonnies,SBU,179,A-10,,,2.6406,2.7507,-0.1101,0.0,,17.0,17.0,17.0,17.0,4.0,14.0,4.0,14.0,167.0,,171.0,0.0,3.0,110.0,215.0,,,-,,,,,,
125,Kennesaw State Owls,KENN,338,CUSA,,,2.473,1.562,0.9111,0.0,7.0,21.0,13.0,21.0441,13.9559,10.0,10.0,10.0,10.0,148.0,,62.0,0.0,1.0,182.0,317.0,,14.0,WEST,1.8699999999999999e-06,5.3610000000000003e-05,0.0,0.03,0.44,4.41
126,Southern Illinois Salukis,SIU,79,MVC,,,2.456,-2.9157,5.3717,0.0,,16.0,16.0,16.0,16.0,10.0,10.0,10.0,10.0,187.0,,191.0,0.0,0.0,116.0,135.0,,,-,,,,,,
127,Penn State Nittany Lions,PSU,213,Big Ten,,,2.4197,2.7774,-0.3578,0.0,,12.0,20.0,12.0,20.0,3.0,17.0,3.0,17.0,125.0,,137.0,2.0,11.0,56.0,252.0,,,-,,,,,,
128,Duquesne Dukes,DUQ,2184,A-10,,,2.3813,0.5753,1.8059,0.0,,18.0,15.0,18.0,15.0,9.0,9.0,9.0,9.0,129.0,,139.0,0.0,5.0,106.0,277.0,,,-,,,,,,
129,Seattle U Redhawks,SEA,2547,WCC,,,2.2427,-3.8551,6.0978,0.0,85.0,20.0,13.0,20.6379,13.3621,8.0,10.0,8.0,10.0,122.0,,135.0,1.0,5.0,147.0,323.0,,,-,,,,,,
130,Pacific Tigers,PAC,279,WCC,,,2.0799,-0.3801,2.46,0.0,,18.0,15.0,18.0,15.0,8.0,10.0,8.0,10.0,140.0,,149.0,0.0,6.0,130.0,187.0,,,-,,,,,,
131,St. Thomas-Minnesota Tommies,STMN,2900,Summit,,,2.0714,2.0355,0.0359,0.0,63.0,24.0,9.0,24.3621,9.6379,12.0,4.0,12.0,4.0,127.0,,138.0,0.0,1.0,335.0,338.0,,,-,,,,,,
132,Temple Owls,TEM,218,American,,,2.0481,2.1202,-0.0721,0.0,,16.0,16.0,16.0,16.0,8.0,10.0,8.0,10.0,187.0,,192.0,0.0,1.0,144.0,210.0,,,-,,,,,,
133,North Dakota State Bison,NDSU,2449,Summit,,,1.9402,1.2061,0.7341,100.0,10.0,27.0,7.0,27.0579,7.9421,14.0,2.0,14.0,2.0,98.0,,51.0,0.0,0.0,332.0,332.0,,14.0,EAST,1.35e-06,3.815e-05,0.00099782,0.03,0.45999999999999996,5.79
134,Troy Trojans,TROY,2653,Sun Belt,,,1.9057,0.3996,1.506,100.0,15.0,22.0,11.0,22.0729,11.9271,12.0,6.0,12.0,6.0,126.0,,57.0,0.0,0.0,197.0,121.0,,13.0,SOUTH,1.32e-06,3.752e-05,0.0,0.03,0.66,7.290000000000001
135,Arkansas State Red Wolves,ARST,2032,Sun Belt,,,1.7062,0.8407,0.8655,0.0,,20.0,12.0,20.0,12.0,11.0,7.0,11.0,7.0,146.0,,153.0,0.0,2.0,225.0,152.0,,,-,,,,,,
136,Georgia Tech Yellow Jackets,GT,59,ACC,,,1.6304,-1.1259,2.7563,0.0,,11.0,20.0,11.0,20.0,2.0,16.0,2.0,16.0,172.0,,177.0,1.0,8.0,85.0,343.0,,,-,,,,,,
137,California Baptist Lancers,CBU,2856,WAC,,,1.5924,-1.3566,2.949,0.0,19.0,25.0,8.0,25.0738,8.9262,13.0,5.0,13.0,5.0,85.0,,50.0,0.0,1.0,224.0,194.0,,13.0,EAST,1.16e-06,3.461e-05,0.00095347,0.02,0.69,7.380000000000001
138,Richmond Spiders,RICH,257,A-10,,,1.5098,1.0157,0.4941,0.0,,15.0,17.0,15.0,17.0,5.0,13.0,5.0,13.0,194.0,,206.0,0.0,3.0,122.0,353.0,,,-,,,,,,
139,UT Rio Grande Valley Vaqueros,RGV,292,Southland,,,1.4762,0.2127,1.2634,0.0,,19.0,14.0,19.0,14.0,14.0,8.0,14.0,8.0,161.0,,165.0,0.0,2.0,188.0,103.0,,,-,,,,,,
140,Wright State Raiders,WRST,2750,Horizon,,,1.4722,1.3958,0.0765,100.0,17.0,23.0,11.0,23.07,11.93,15.0,5.0,15.0,5.0,139.0,,59.0,0.0,0.0,268.0,256.0,,14.0,MIDWEST,9.100000000000001e-07,3.045e-05,0.0008230000000000001,0.02,0.51,7.000000000000001
141,Navy Midshipmen,NAVY,2426,Patriot,,,1.4435,-1.316,2.7595,100.0,37.0,26.0,7.0,26.1348,7.8652,17.0,1.0,17.0,1.0,104.0,,119.0,0.0,1.0,360.0,358.0,,,-,,,,,,
142,UC San Diego Tritons,UCSD,28,Big West,,,1.3362,-1.435,2.7712,0.0,,23.0,11.0,23.0,11.0,12.0,8.0,12.0,8.0,131.0,,141.0,0.0,0.0,220.0,238.0,,,-,,,,,,
143,East Tennessee State Buccaneers,ETSU,2193,SoCon,,,1.2662,0.1108,1.1553,100.0,,23.0,11.0,23.0,11.0,13.0,5.0,13.0,5.0,144.0,,151.0,0.0,1.0,315.0,328.0,,,-,,,,,,
144,Kent State Golden Flashes,KENT,2309,MAC,,,1.1706,1.0617,0.1089,0.0,55.0,24.0,9.0,24.2314,9.7686,14.0,4.0,14.0,4.0,97.0,,115.0,0.0,1.0,206.0,274.0,,,-,,,,,,
145,Bowling Green Falcons,BGSU,189,MAC,,,1.1446,-1.6359,2.7804,0.0,,18.0,14.0,18.0,14.0,9.0,9.0,9.0,9.0,194.0,,280.0,0.0,0.0,244.0,347.0,,,-,,,,,,
146,Cornell Big Red,COR,172,Ivy,,,1.0417,5.7672,-4.7255,0.0,,15.0,13.0,15.0,13.0,8.0,6.0,8.0,6.0,160.0,,164.0,0.0,1.0,161.0,159.0,,,-,,,,,,
147,UC Santa Barbara Gauchos,UCSB,2540,Big West,,,0.9786,1.5713,-0.5926,0.0,,18.0,14.0,18.0,14.0,11.0,9.0,11.0,9.0,194.0,,286.0,0.0,0.0,253.0,312.0,,,-,,,,,,
148,Winthrop Eagles,WIN,2737,Big South,,,0.9609,0.9181,0.0428,0.0,,23.0,11.0,23.0,11.0,13.0,3.0,13.0,3.0,112.0,,126.0,0.0,3.0,240.0,212.0,,,-,,,,,,
149,Loyola Marymount Lions,LMU,2351,WCC,,,0.9329,-1.5216,2.4546,0.0,,15.0,17.0,15.0,17.0,6.0,12.0,6.0,12.0,194.0,,214.0,0.0,5.0,139.0,324.0,,,-,,,,,,
150,Towson Tigers,TOW,119,CAA,,,0.915,-2.2478,3.1629,0.0,,19.0,15.0,19.0,15.0,9.0,9.0,9.0,9.0,169.0,,173.0,0.0,2.0,160.0,122.0,,,-,,,,,,
151,Western Kentucky Hilltoppers,WKU,98,CUSA,,,0.7937,-0.4329,1.2266,0.0,,18.0,14.0,18.0,14.0,11.0,9.0,11.0,9.0,155.0,,161.0,0.0,1.0,146.0,173.0,,,-,,,,,,
152,Toledo Rockets,TOL,2649,MAC,,,0.7336,2.52,-1.7863,0.0,,19.0,15.0,19.0,15.0,11.0,7.0,11.0,7.0,168.0,,172.0,0.0,1.0,155.0,119.0,,,-,,,,,,
153,Boston College Eagles,BC,103,ACC,,,0.6068,-3.5885,4.1953,0.0,,11.0,20.0,11.0,20.0,4.0,14.0,4.0,14.0,172.0,,176.0,0.0,8.0,77.0,291.0,,,-,,,,,,
154,William & Mary Tribe,W&M,2729,CAA,,,0.6064,0.8106,-0.2042,0.0,,20.0,12.0,20.0,12.0,10.0,8.0,10.0,8.0,135.0,,145.0,0.0,1.0,180.0,163.0,,,-,,,,,,
155,Fresno State Bulldogs,FRES,278,Mountain West,,,0.427,-2.2641,2.6911,0.0,,13.0,19.0,13.0,19.0,7.0,13.0,7.0,13.0,194.0,,202.0,0.0,3.0,100.0,273.0,,,-,,,,,,
156,Middle Tennessee Blue Raiders,MTSU,2393,CUSA,,,0.2137,-0.541,0.7546,0.0,,17.0,15.0,17.0,15.0,11.0,9.0,11.0,9.0,164.0,,168.0,0.0,2.0,137.0,89.0,,,-,,,,,,
157,Montana State Bobcats,MTST,147,Big Sky,,,0.046,-0.4687,0.5148,0.0,,18.0,14.0,18.0,14.0,12.0,6.0,12.0,6.0,187.0,,195.0,0.0,1.0,232.0,176.0,,,-,,,,,,
158,Pennsylvania Quakers,PENN,219,Ivy,,,-0.0985,-0.9558,0.8572,0.0,5.0,18.0,11.0,18.0272,11.9728,9.0,5.0,9.0,5.0,117.0,,55.0,0.0,1.0,145.0,101.0,,14.0,SOUTH,1.7e-07,6.57e-06,0.00025327,0.01,0.26,2.7199999999999998
159,Massachusetts Minutemen,MASS,113,MAC,,,-0.1049,-0.7952,0.6903,0.0,,17.0,16.0,17.0,16.0,7.0,11.0,7.0,11.0,194.0,,262.0,0.0,0.0,218.0,295.0,,,-,,,,,,
160,Furman Paladins,FUR,231,SoCon,,,-0.1192,-0.6942,0.575,0.0,8.0,22.0,12.0,22.0356,12.9644,10.0,8.0,10.0,8.0,158.0,,63.0,0.0,0.0,282.0,265.0,,15.0,EAST,2.6e-07,1.0369999999999999e-05,0.00037612,0.02,0.33999999999999997,3.56
161,Northern Colorado Bears,UNCO,2458,Big Sky,,,-0.1844,1.5597,-1.7441,0.0,,20.0,12.0,20.0,12.0,10.0,8.0,10.0,8.0,170.0,,174.0,0.0,1.0,305.0,342.0,,,-,,,,,,
162,App State Mountaineers,APP,2026,Sun Belt,,,-0.2004,-1.9491,1.7486,0.0,,19.0,13.0,19.0,13.0,11.0,7.0,11.0,7.0,181.0,,187.0,0.0,1.0,273.0,302.0,,,-,,,,,,
163,Mercer Bears,MER,2382,SoCon,,,-0.2137,0.6448,-0.8585,0.0,,19.0,13.0,19.0,13.0,11.0,7.0,11.0,7.0,165.0,,169.0,0.0,2.0,248.0,183.0,,,-,,,,,,
164,Fordham Rams,FOR,2230,A-10,,,-0.2517,-3.1566,2.9049,0.0,,17.0,15.0,17.0,15.0,8.0,10.0,8.0,10.0,172.0,,179.0,0.0,3.0,168.0,365.0,,,-,,,,,,
165,Washington State Cougars,WSU,265,WCC,,,-0.2716,1.2905,-1.5621,0.0,,12.0,20.0,12.0,20.0,7.0,11.0,7.0,11.0,194.0,,201.0,0.0,6.0,99.0,78.0,,,-,,,,,,
166,New Mexico State Aggies,NMSU,166,CUSA,,,-0.2815,-1.1696,0.8882,0.0,,16.0,16.0,16.0,16.0,8.0,12.0,8.0,12.0,194.0,,232.0,0.0,0.0,169.0,268.0,,,-,,,,,,
167,Austin Peay Governors,APSU,2046,ASUN,,,-0.3721,-1.1441,0.772,100.0,,22.0,9.0,22.0,9.0,15.0,3.0,15.0,3.0,118.0,,131.0,0.0,0.0,307.0,218.0,,,-,,,,,,
168,Harvard Crimson,HARV,108,Ivy,,,-0.4588,-2.4497,1.9909,0.0,,17.0,12.0,17.0,12.0,10.0,4.0,10.0,4.0,152.0,,158.0,0.0,1.0,187.0,245.0,,,-,,,,,,
169,Oakland Golden Grizzlies,OAK,2473,Horizon,,,-0.4715,2.591,-3.0625,0.0,,16.0,16.0,16.0,16.0,12.0,8.0,12.0,8.0,178.0,,182.0,0.0,4.0,148.0,17.0,,,-,,,,,,
170,Robert Morris Colonials,RMU,2523,Horizon,,,-0.5429,-0.4792,-0.0636,0.0,,22.0,11.0,22.0,11.0,13.0,7.0,13.0,7.0,141.0,,150.0,0.0,1.0,281.0,305.0,,,-,,,,,,
171,Oregon State Beavers,ORST,204,WCC,,,-0.5435,-0.0164,-0.5271,0.0,,17.0,16.0,17.0,16.0,9.0,9.0,9.0,9.0,147.0,,154.0,0.0,5.0,102.0,96.0,,,-,,,,,,
172,Idaho Vandals,IDHO,70,Big Sky,,,-0.6335,-0.69,0.0565,0.0,3.0,21.0,14.0,21.0177,14.9823,9.0,9.0,9.0,9.0,194.0,,66.0,0.0,0.0,275.0,288.0,,15.0,SOUTH,8e-08,3.49e-06,0.00014677,0.0,0.13,1.77
173,Charleston Cougars,COFC,232,CAA,,,-0.6373,-1.1962,0.5589,0.0,,21.0,11.0,21.0,11.0,14.0,4.0,14.0,4.0,124.0,,136.0,0.0,0.0,170.0,181.0,,,-,,,,,,
174,Marshall Thundering Herd,MRSH,276,Sun Belt,,,-0.7472,1.2912,-2.0384,0.0,,19.0,13.0,19.0,13.0,11.0,7.0,11.0,7.0,161.0,,166.0,0.0,1.0,199.0,184.0,,,-,,,,,,
175,Jacksonville State Gamecocks,JXST,55,CUSA,,,-0.7625,-2.3814,1.6189,0.0,,15.0,17.0,15.0,17.0,10.0,10.0,10.0,10.0,194.0,,252.0,0.0,0.0,203.0,355.0,,,-,,,,,,
176,Lipscomb Bisons,LIP,288,ASUN,,,-0.8574,-0.9378,0.0803,0.0,,19.0,13.0,19.0,13.0,12.0,6.0,12.0,6.0,166.0,,170.0,0.0,3.0,264.0,126.0,,,-,,,,,,
177,Valparaiso Beacons,VAL,2674,MVC,,,-0.9449,-1.6159,0.6709,0.0,,18.0,15.0,18.0,15.0,11.0,9.0,11.0,9.0,150.0,,156.0,0.0,1.0,128.0,258.0,,,-,,,,,,
178,Monmouth Hawks,MONM,2405,CAA,,,-1.0108,-2.2393,1.2285,0.0,,19.0,15.0,19.0,15.0,11.0,7.0,11.0,7.0,187.0,,193.0,0.0,0.0,183.0,230.0,,,-,,,,,,
179,Texas A&M-Corpus Christi Islanders,AMCC,357,Southland,,,-1.1197,-4.1098,2.9901,0.0,,18.0,15.0,18.0,15.0,13.0,9.0,13.0,9.0,187.0,,194.0,0.0,2.0,200.0,170.0,,,-,,,,,,
180,UMBC Retrievers,UMBC,2378,Am. East,,,-1.1801,-1.0383,-0.1418,100.0,91.0,24.0,8.0,24.5587,8.4413,14.0,2.0,14.0,2.0,123.0,,56.0,0.0,0.0,363.0,350.0,,16.0,MIDWEST,3e-08,1.3e-06,5.353e-05,0.0,0.03,0.45999999999999996
181,Louisiana Tech Bulldogs,LT,2348,CUSA,,,-1.2035,-3.9993,2.7957,0.0,,20.0,14.0,20.0,14.0,11.0,9.0,11.0,9.0,178.0,,183.0,0.0,0.0,205.0,348.0,,,-,,,,,,
182,Northern Kentucky Norse,NKU,94,Horizon,,,-1.2707,-0.6951,-0.5757,0.0,,20.0,14.0,20.0,14.0,10.0,10.0,10.0,10.0,194.0,,309.0,0.0,1.0,287.0,330.0,,,-,,,,,,
183,Campbell Fighting Camels,CAM,2097,CAA,,,-1.2728,0.257,-1.5298,0.0,,16.0,18.0,16.0,18.0,8.0,10.0,8.0,10.0,194.0,,215.0,0.0,3.0,140.0,84.0,,,-,,,,,,
184,Drake Bulldogs,DRKE,2181,MVC,,,-1.3389,-0.1923,-1.1466,0.0,,14.0,20.0,14.0,20.0,6.0,14.0,6.0,14.0,194.0,,207.0,0.0,0.0,124.0,239.0,,,-,,,,,,
185,James Madison Dukes,JMU,256,Sun Belt,,,-1.3516,0.2409,-1.5925,0.0,,18.0,15.0,18.0,15.0,9.0,9.0,9.0,9.0,194.0,,267.0,0.0,1.0,226.0,248.0,,,-,,,,,,
186,Samford Bulldogs,SAM,2535,SoCon,,,-1.4219,0.1371,-1.559,0.0,,18.0,14.0,18.0,14.0,11.0,7.0,11.0,7.0,194.0,,289.0,0.0,2.0,256.0,206.0,,,-,,,,,,
187,Charlotte 49ers,CLT,2429,American,,,-1.4371,1.4563,-2.8934,0.0,,17.0,17.0,17.0,17.0,9.0,9.0,9.0,9.0,172.0,,178.0,0.0,1.0,115.0,112.0,,,-,,,,,,
188,Merrimack Warriors,MRMK,2771,MAAC,,,-1.4456,-2.9997,1.5541,100.0,,23.0,11.0,23.0,11.0,17.0,3.0,17.0,3.0,133.0,,143.0,0.0,2.0,258.0,102.0,,,-,,,,,,
189,Columbia Lions,COLU,171,Ivy,,,-1.5457,-0.974,-0.5717,0.0,,16.0,12.0,16.0,12.0,5.0,9.0,5.0,9.0,161.0,,167.0,0.0,1.0,227.0,331.0,,,-,,,,,,
190,Central Arkansas Bears,CARK,2110,ASUN,,,-1.6053,-1.2454,-0.3599,100.0,,22.0,12.0,22.0,12.0,15.0,3.0,15.0,3.0,137.0,,147.0,0.0,4.0,272.0,150.0,,,-,,,,,,
191,South Alabama Jaguars,USA,6,Sun Belt,,,-1.6807,-1.7898,0.1091,0.0,12.0,21.0,11.0,21.0357,11.9643,11.0,7.0,11.0,7.0,145.0,,152.0,0.0,0.0,274.0,320.0,,,-,,,,,,
192,Portland State Vikings,PRST,2502,Big Sky,,,-1.744,-3.8819,2.1378,100.0,,20.0,11.0,20.0,11.0,13.0,5.0,13.0,5.0,149.0,,155.0,0.0,0.0,284.0,314.0,,,-,,,,,,
193,Queens University Royals,QUC,2511,ASUN,,,-1.7604,3.2354,-4.9957,0.0,6.0,21.0,13.0,21.0218,13.9782,13.0,5.0,13.0,5.0,143.0,,61.0,0.0,4.0,247.0,94.0,,15.0,WEST,5.0000000000000004e-08,2.7e-06,0.00012559,0.01,0.16999999999999998,2.18
194,Tulane Green Wave,TULN,2655,American,,,-1.7634,-1.2673,-0.4961,0.0,,18.0,15.0,18.0,15.0,8.0,10.0,8.0,10.0,154.0,,160.0,0.0,1.0,119.0,261.0,,,-,,,,,,
195,Cal State Northridge Matadors,CSUN,2463,Big West,,,-1.81,-1.6319,-0.1782,0.0,,20.0,14.0,20.0,14.0,12.0,8.0,12.0,8.0,171.0,,175.0,0.0,0.0,196.0,208.0,,,-,,,,,,
196,Siena Saints,SIE,2561,MAAC,,,-1.818,-1.9233,0.1053,0.0,1.0,23.0,11.0,23.0097,11.9903,13.0,7.0,13.0,7.0,159.0,,64.0,0.0,1.0,330.0,289.0,,16.0,EAST,4e-08,2.18e-06,0.00010358000000000001,0.0,0.06999999999999999,0.97
197,UT Arlington Mavericks,UTA,250,WAC,,,-1.8235,-5.0441,3.2205,0.0,,18.0,14.0,18.0,14.0,9.0,9.0,9.0,9.0,181.0,,185.0,0.0,0.0,195.0,171.0,,,-,,,,,,
198,Rice Owls,RICE,242,American,,,-1.8882,-0.838,-1.0502,0.0,,13.0,18.0,13.0,18.0,7.0,11.0,7.0,11.0,194.0,,213.0,0.0,1.0,138.0,281.0,,,-,,,,,,
199,Quinnipiac Bobcats,QUIN,2514,MAAC,,,-1.9821,-3.1945,1.2124,0.0,,19.0,13.0,19.0,13.0,12.0,8.0,12.0,8.0,181.0,,189.0,0.0,1.0,293.0,130.0,,,-,,,,,,
200,Marist Red Foxes,MRST,2368,MAAC,,,-2.161,-6.0384,3.8774,0.0,,19.0,12.0,19.0,12.0,12.0,8.0,12.0,8.0,194.0,,346.0,0.0,0.0,339.0,333.0,,,-,,,,,,
201,Missouri State Bears,MOST,2623,CUSA,,,-2.18,-0.5217,-1.6583,0.0,,16.0,18.0,16.0,18.0,8.0,12.0,8.0,12.0,194.0,,238.0,0.0,0.0,178.0,292.0,,,-,,,,,,
202,Ohio Bobcats,OHIO,195,MAC,,,-2.403,-0.2272,-2.1758,0.0,,15.0,17.0,15.0,17.0,9.0,9.0,9.0,9.0,194.0,,226.0,0.0,2.0,159.0,145.0,,,-,,,,,,
203,Youngstown State Penguins,YSU,2754,Horizon,,,-2.494,-2.5271,0.0331,0.0,,15.0,17.0,15.0,17.0,8.0,12.0,8.0,12.0,194.0,,295.0,0.0,0.0,265.0,286.0,,,-,,,,,,
204,Howard Bison,HOW,47,MEAC,,,-2.5109,-3.2983,0.7874,100.0,86.0,23.0,10.0,23.4413,10.5587,11.0,3.0,11.0,3.0,187.0,,65.0,0.0,2.0,365.0,345.0,,16.0,MIDWEST,1e-08,3.3e-07,1.7160000000000002e-05,0.00068028,0.02,0.29
205,UC Davis Aggies,UCD,302,Big West,,,-2.6171,-3.1229,0.5059,0.0,,19.0,14.0,19.0,14.0,11.0,9.0,11.0,9.0,180.0,,184.0,0.0,0.0,208.0,242.0,,,-,,,,,,
206,Tennessee State Tigers,TNST,2634,OVC,,,-2.6297,-2.0122,-0.6175,100.0,4.0,23.0,9.0,23.0164,9.9836,15.0,5.0,15.0,5.0,128.0,,58.0,0.0,1.0,343.0,235.0,,15.0,MIDWEST,2e-08,1.0999999999999998e-06,5.876e-05,0.0,0.09,1.6400000000000001
207,Vermont Catamounts,UVM,261,Am. East,,,-2.7171,-1.3911,-1.326,0.0,,22.0,12.0,22.0,12.0,12.0,4.0,12.0,4.0,194.0,,358.0,0.0,0.0,353.0,307.0,,,-,,,,,,
208,South Dakota State Jackrabbits,SDST,2571,Summit,,,-2.7955,-1.5206,-1.2749,0.0,,14.0,18.0,14.0,18.0,7.0,9.0,7.0,9.0,194.0,,287.0,0.0,1.0,254.0,167.0,,,-,,,,,,
209,Florida International Panthers,FIU,2229,CUSA,,,-2.8884,-2.7281,-0.1603,0.0,,15.0,17.0,15.0,17.0,8.0,12.0,8.0,12.0,194.0,,228.0,0.0,2.0,164.0,300.0,,,-,,,,,,
210,Western Carolina Catamounts,WCU,2717,SoCon,,,-2.9054,-0.6569,-2.2485,0.0,,15.0,16.0,15.0,16.0,10.0,8.0,10.0,8.0,194.0,,243.0,0.0,3.0,186.0,72.0,,,-,,,,,,
211,Texas State Bobcats,TXST,326,Sun Belt,,,-2.9468,-2.8996,-0.0472,0.0,,19.0,13.0,19.0,13.0,11.0,7.0,11.0,7.0,194.0,,328.0,0.0,0.0,314.0,362.0,,,-,,,,,,
212,Weber State Wildcats,WEB,2692,Big Sky,,,-2.9769,-0.1255,-2.8514,0.0,,16.0,16.0,16.0,16.0,10.0,8.0,10.0,8.0,194.0,,291.0,0.0,1.0,259.0,271.0,,,-,,,,,,
213,Florida Gulf Coast Eagles,FGCU,526,ASUN,,,-3.075,-1.8265,-1.2485,0.0,,16.0,18.0,16.0,18.0,8.0,10.0,8.0,10.0,194.0,,307.0,0.0,1.0,285.0,223.0,,,-,,,,,,
214,Drexel Dragons,DREX,2182,CAA,,,-3.1325,-4.4704,1.338,0.0,,17.0,16.0,17.0,16.0,10.0,8.0,10.0,8.0,194.0,,269.0,0.0,0.0,229.0,335.0,,,-,,,,,,
215,Indiana State Sycamores,INST,282,MVC,,,-3.2106,-2.7831,-0.4275,0.0,,11.0,21.0,11.0,21.0,4.0,16.0,4.0,16.0,194.0,,210.0,0.0,1.0,134.0,325.0,,,-,,,,,,
216,Eastern Washington Eagles,EWU,331,Big Sky,,,-3.2177,0.4015,-3.6193,0.0,,14.0,19.0,14.0,19.0,11.0,7.0,11.0,7.0,194.0,,221.0,0.0,2.0,153.0,49.0,,,-,,,,,,
217,American University Eagles,AMER,44,Patriot,,,-3.3147,-1.7747,-1.54,0.0,,16.0,16.0,16.0,16.0,9.0,9.0,9.0,9.0,194.0,,322.0,0.0,2.0,306.0,179.0,,,-,,,,,,
218,Long Island University Sharks,LIU,112358,NEC,,,-3.3169,-3.1441,-0.1729,100.0,2.0,24.0,10.0,24.0104,10.9896,15.0,3.0,15.0,3.0,142.0,,60.0,0.0,2.0,336.0,154.0,,16.0,WEST,1e-08,7.499999999999999e-07,4.495e-05,0.0,0.05,1.04
219,Radford Highlanders,RAD,2515,Big South,,,-3.3172,-1.6511,-1.6661,0.0,,16.0,16.0,16.0,16.0,9.0,7.0,9.0,7.0,194.0,,313.0,0.0,2.0,294.0,337.0,,,-,,,,,,
220,Georgia Southern Eagles,GASO,290,Sun Belt,,,-3.3463,0.3722,-3.7185,0.0,,21.0,16.0,21.0,16.0,8.0,10.0,8.0,10.0,194.0,,305.0,0.0,0.0,280.0,310.0,,,-,,,,,,
221,Montana Grizzlies,MONT,149,Big Sky,,,-3.4107,-3.2965,-0.1142,0.0,,18.0,16.0,18.0,16.0,10.0,8.0,10.0,8.0,194.0,,279.0,0.0,2.0,243.0,240.0,,,-,,,,,,
222,Cal State Fullerton Titans,CSUF,2239,Big West,,,-3.5538,-2.3844,-1.1694,0.0,,18.0,16.0,18.0,16.0,12.0,8.0,12.0,8.0,194.0,,231.0,0.0,1.0,167.0,111.0,,,-,,,,,,
223,La Salle Explorers,LAS,2325,A-10,,,-3.5648,-3.157,-0.4078,0.0,,9.0,23.0,9.0,23.0,5.0,13.0,5.0,13.0,194.0,,197.0,0.0,5.0,84.0,66.0,,,-,,,,,,
224,Old Dominion Monarchs,ODU,295,Sun Belt,,,-3.6034,-2.2854,-1.318,0.0,,12.0,21.0,12.0,21.0,7.0,11.0,7.0,11.0,194.0,,224.0,0.0,1.0,157.0,74.0,,,-,,,,,,
225,Colgate Raiders,COLG,2142,Patriot,,,-3.6087,-1.0652,-2.5435,0.0,,18.0,15.0,18.0,15.0,11.0,7.0,11.0,7.0,194.0,,312.0,0.0,3.0,292.0,156.0,,,-,,,,,,
226,Buffalo Bulls,BUF,2084,MAC,,,-3.6231,0.3295,-3.9526,0.0,,17.0,15.0,17.0,15.0,7.0,11.0,7.0,11.0,194.0,,260.0,0.0,0.0,215.0,334.0,,,-,,,,,,
227,UT Martin Skyhawks,UTM,2630,OVC,,,-3.6291,-6.3125,2.6833,0.0,,22.0,11.0,22.0,11.0,13.0,7.0,13.0,7.0,177.0,,181.0,0.0,0.0,355.0,321.0,,,-,,,,,,
228,Elon Phoenix,ELON,2210,CAA,,,-3.6558,-0.146,-3.5099,0.0,,14.0,18.0,14.0,18.0,6.0,12.0,6.0,12.0,194.0,,242.0,0.0,1.0,185.0,243.0,,,-,,,,,,
229,Longwood Lancers,LONG,2344,Big South,,,-3.6594,-3.5043,-0.1551,0.0,,16.0,16.0,16.0,16.0,8.0,8.0,8.0,8.0,194.0,,333.0,0.0,0.0,320.0,359.0,,,-,,,,,,
230,Southern Miss Golden Eagles,USM,2572,Sun Belt,,,-3.7138,-3.8187,0.1048,0.0,,19.0,16.0,19.0,16.0,9.0,9.0,9.0,9.0,194.0,,246.0,0.0,1.0,191.0,157.0,,,-,,,,,,
231,Nicholls Colonels,NICH,2447,Southland,,,-3.7421,-2.4532,-1.2889,0.0,,14.0,19.0,14.0,19.0,12.0,10.0,12.0,10.0,194.0,,219.0,0.0,1.0,151.0,37.0,,,-,,,,,,
232,Iona Gaels,IONA,314,MAAC,,,-3.7495,-3.4429,-0.3066,0.0,,18.0,14.0,18.0,14.0,10.0,10.0,10.0,10.0,194.0,,339.0,0.0,1.0,327.0,231.0,,,-,,,,,,
233,San José State Spartans,SJSU,23,Mountain West,,,-3.7984,0.7787,-4.5772,0.0,,9.0,24.0,9.0,24.0,3.0,17.0,3.0,17.0,194.0,,198.0,0.0,2.0,86.0,68.0,,,-,,,,,,
234,San Diego Toreros,USD,301,WCC,,,-3.8848,-1.8525,-2.0323,0.0,,12.0,21.0,12.0,21.0,5.0,13.0,5.0,13.0,194.0,,211.0,0.0,5.0,135.0,279.0,,,-,,,,,,
235,UNC Asheville Bulldogs,UNCA,2427,Big South,,,-3.9277,-3.0348,-0.8929,0.0,,15.0,17.0,15.0,17.0,8.0,8.0,8.0,8.0,194.0,,253.0,0.0,1.0,204.0,174.0,,,-,,,,,,
236,New Orleans Privateers,UNO,2443,Southland,,,-4.0366,-1.4638,-2.5728,0.0,,15.0,18.0,15.0,18.0,12.0,10.0,12.0,10.0,194.0,,209.0,1.0,2.0,129.0,5.0,,,-,,,,,,
237,Boston University Terriers,BU,104,Patriot,,,-4.0395,0.9437,-4.9832,0.0,,17.0,17.0,17.0,17.0,10.0,8.0,10.0,8.0,194.0,,337.0,0.0,0.0,325.0,267.0,,,-,,,,,,
238,Utah Tech Trailblazers,UTU,3101,WAC,,,-4.068,-2.0355,-2.0325,0.0,,19.0,15.0,19.0,15.0,11.0,7.0,11.0,7.0,181.0,,186.0,0.0,2.0,207.0,232.0,,,-,,,,,,
239,Lamar Cardinals,LAM,2320,Southland,,,-4.1141,-4.4723,0.3582,0.0,,12.0,19.0,12.0,19.0,7.0,15.0,7.0,15.0,194.0,,284.0,0.0,1.0,251.0,311.0,,,-,,,,,,
240,Purdue Fort Wayne Mastodons,PFW,2870,Horizon,,,-4.1606,-1.7639,-2.3967,0.0,,17.0,15.0,17.0,15.0,11.0,9.0,11.0,9.0,194.0,,264.0,0.0,2.0,221.0,166.0,,,-,,,,,,
241,Loyola Chicago Ramblers,LUC,2350,A-10,,,-4.1678,-2.6508,-1.517,0.0,,9.0,24.0,9.0,24.0,4.0,14.0,4.0,14.0,194.0,,200.0,1.0,3.0,93.0,155.0,,,-,,,,,,
242,Wofford Terriers,WOF,2747,SoCon,,,-4.2175,-0.5231,-3.6944,0.0,,19.0,13.0,19.0,13.0,11.0,7.0,11.0,7.0,181.0,,188.0,0.0,1.0,290.0,308.0,,,-,,,,,,
243,Milwaukee Panthers,MILW,270,Horizon,,,-4.2193,-1.2086,-3.0108,0.0,,12.0,20.0,12.0,20.0,8.0,12.0,8.0,12.0,194.0,,239.0,0.0,3.0,179.0,79.0,,,-,,,,,,
244,Green Bay Phoenix,GB,2739,Horizon,,,-4.3975,0.1027,-4.5002,0.0,,18.0,15.0,18.0,15.0,12.0,8.0,12.0,8.0,194.0,,248.0,0.0,1.0,194.0,120.0,,,-,,,,,,
245,Coastal Carolina Chanticleers,CCU,324,Sun Belt,,,-4.3978,-4.8105,0.4128,0.0,,19.0,13.0,19.0,13.0,11.0,7.0,11.0,7.0,172.0,,180.0,0.0,0.0,233.0,227.0,,,-,,,,,,
246,Bethune-Cookman Wildcats,BCU,2065,SWAC,,,-4.4997,-3.9316,-0.5681,100.0,,17.0,15.0,17.0,15.0,14.0,4.0,14.0,4.0,194.0,,298.0,0.0,6.0,269.0,19.0,,,-,,,,,,
247,Incarnate Word Cardinals,UIW,2916,Southland,,,-4.5339,-0.2656,-4.2682,0.0,,12.0,19.0,12.0,19.0,7.0,15.0,7.0,15.0,194.0,,254.0,0.0,2.0,209.0,226.0,,,-,,,,,,
248,Saint Peter's Peacocks,SPU,2612,MAAC,,,-4.5473,-4.4893,-0.058,0.0,,17.0,12.0,17.0,12.0,14.0,6.0,14.0,6.0,181.0,,190.0,0.0,1.0,312.0,225.0,,,-,,,,,,
249,Charleston Southern Buccaneers,CHSO,2127,Big South,,,-4.5937,-2.8871,-1.7066,0.0,,15.0,17.0,15.0,17.0,6.0,10.0,6.0,10.0,194.0,,308.0,0.0,0.0,286.0,336.0,,,-,,,,,,
250,Southeast Missouri State Redhawks,SEMO,2546,OVC,,,-4.6072,-5.5026,0.8955,0.0,,20.0,13.0,20.0,13.0,14.0,6.0,14.0,6.0,194.0,,350.0,0.0,3.0,344.0,263.0,,,-,,,,,,
251,Stony Brook Seawolves,STBK,2619,CAA,,,-4.748,-3.3813,-1.3667,0.0,,17.0,15.0,17.0,15.0,9.0,9.0,9.0,9.0,194.0,,255.0,0.0,0.0,210.0,313.0,,,-,,,,,,
252,Eastern Michigan Eagles,EMU,2199,MAC,,,-4.7504,-4.8866,0.1361,0.0,,10.0,21.0,10.0,21.0,4.0,14.0,4.0,14.0,194.0,,216.0,1.0,1.0,142.0,99.0,,,-,,,,,,
253,Fairfield Stags,FAIR,2217,MAAC,,,-4.8238,-2.3038,-2.52,0.0,,21.0,13.0,21.0,13.0,11.0,9.0,11.0,9.0,194.0,,349.0,0.0,0.0,342.0,349.0,,,-,,,,,,
254,SIU Edwardsville Cougars,SIUE,2565,OVC,,,-4.976,-6.262,1.286,0.0,,19.0,13.0,19.0,13.0,12.0,8.0,12.0,8.0,194.0,,365.0,0.0,1.0,364.0,364.0,,,-,,,,,,
255,East Carolina Pirates,ECU,151,American,,,-4.9914,-3.8135,-1.1779,0.0,,11.0,20.0,11.0,20.0,6.0,12.0,6.0,12.0,194.0,,208.0,0.0,2.0,126.0,219.0,,,-,,,,,,
256,Detroit Mercy Titans,DETM,2174,Horizon,,,-5.0244,-2.8236,-2.2008,0.0,,17.0,15.0,17.0,15.0,12.0,8.0,12.0,8.0,194.0,,249.0,0.0,1.0,198.0,136.0,,,-,,,,,,
257,Princeton Tigers,PRIN,163,Ivy,,,-5.0402,-3.1374,-1.9028,0.0,,9.0,20.0,9.0,20.0,5.0,9.0,5.0,9.0,194.0,,217.0,0.0,1.0,143.0,131.0,,,-,,,,,,
258,Chattanooga Mocs,UTC,236,SoCon,,,-5.0449,-1.1826,-3.8623,0.0,,13.0,19.0,13.0,19.0,7.0,11.0,7.0,11.0,194.0,,324.0,0.0,2.0,309.0,346.0,,,-,,,,,,
259,Lindenwood Lions,LIN,2815,OVC,,,-5.1741,-5.9666,0.7925,0.0,,18.0,15.0,18.0,15.0,11.0,9.0,11.0,9.0,194.0,,355.0,0.0,3.0,350.0,303.0,,,-,,,,,,
260,Dartmouth Big Green,DART,159,Ivy,,,-5.2199,-3.1811,-2.0388,0.0,,11.0,16.0,11.0,16.0,5.0,9.0,5.0,9.0,194.0,,244.0,0.0,1.0,189.0,304.0,,,-,,,,,,
261,Brown Bears,BRWN,225,Ivy,,,-5.3909,-6.7172,1.3263,0.0,,9.0,18.0,9.0,18.0,3.0,11.0,3.0,11.0,194.0,,278.0,0.0,0.0,242.0,354.0,,,-,,,,,,
262,Hampton Pirates,HAMP,2261,CAA,,,-5.5198,-4.6178,-0.9019,0.0,,13.0,19.0,13.0,19.0,7.0,11.0,7.0,11.0,194.0,,272.0,0.0,1.0,234.0,344.0,,,-,,,,,,
263,UTEP Miners,UTEP,2638,CUSA,,,-5.5779,-5.106,-0.4719,0.0,,11.0,20.0,11.0,20.0,7.0,13.0,7.0,13.0,194.0,,218.0,0.0,1.0,150.0,224.0,,,-,,,,,,
264,Southern Jaguars,SOU,2582,SWAC,,,-5.5795,-3.5433,-2.0362,0.0,,17.0,17.0,17.0,17.0,11.0,7.0,11.0,7.0,194.0,,325.0,0.0,5.0,310.0,91.0,,,-,,,,,,
265,Presbyterian Blue Hose,PRES,2506,Big South,,,-5.6811,-4.0919,-1.5892,0.0,,15.0,18.0,15.0,18.0,7.0,9.0,7.0,9.0,194.0,,290.0,0.0,1.0,257.0,287.0,,,-,,,,,,
266,Jacksonville Dolphins,JAX,294,ASUN,,,-5.7045,-3.3445,-2.36,0.0,,12.0,20.0,12.0,20.0,7.0,11.0,7.0,11.0,194.0,,281.0,0.0,2.0,246.0,133.0,,,-,,,,,,
267,Cal Poly Mustangs,CP,13,Big West,,,-5.7156,-2.2895,-3.4261,0.0,,14.0,19.0,14.0,19.0,10.0,10.0,10.0,10.0,194.0,,225.0,0.0,1.0,158.0,97.0,,,-,,,,,,
268,Denver Pioneers,DEN,2172,Summit,,,-5.8022,1.3194,-7.1216,0.0,,15.0,17.0,15.0,17.0,8.0,8.0,8.0,8.0,194.0,,271.0,0.0,2.0,231.0,142.0,,,-,,,,,,
269,Tarleton State Texans,TAR,2627,WAC,,,-5.8333,-6.3626,0.5293,0.0,,14.0,18.0,14.0,18.0,5.0,13.0,5.0,13.0,194.0,,273.0,0.0,3.0,235.0,282.0,,,-,,,,,,
270,Ball State Cardinals,BALL,2050,MAC,,,-5.8474,-5.8668,0.0194,0.0,,12.0,19.0,12.0,19.0,7.0,11.0,7.0,11.0,194.0,,288.0,0.0,1.0,255.0,352.0,,,-,,,,,,
271,Eastern Kentucky Colonels,EKU,2198,ASUN,,,-5.8816,-0.633,-5.2486,0.0,,11.0,21.0,11.0,21.0,7.0,11.0,7.0,11.0,194.0,,282.0,0.0,1.0,249.0,149.0,,,-,,,,,,
272,Portland Pilots,PORT,2501,WCC,,,-6.141,-3.7659,-2.3751,0.0,,15.0,19.0,15.0,19.0,6.0,12.0,6.0,12.0,194.0,,204.0,1.0,4.0,118.0,241.0,,,-,,,,,,
273,UNC Greensboro Spartans,UNCG,2430,SoCon,,,-6.2695,-1.2738,-4.9957,0.0,,15.0,19.0,15.0,19.0,9.0,9.0,9.0,9.0,194.0,,300.0,0.0,1.0,271.0,278.0,,,-,,,,,,
274,Abilene Christian Wildcats,ACU,2000,WAC,,,-6.3614,-6.5271,0.1656,0.0,,14.0,19.0,14.0,19.0,5.0,13.0,5.0,13.0,194.0,,265.0,0.0,2.0,222.0,285.0,,,-,,,,,,
275,Omaha Mavericks,OMA,2437,Summit,,,-6.3725,-2.5267,-3.8457,0.0,,16.0,17.0,16.0,17.0,8.0,8.0,8.0,8.0,194.0,,304.0,0.0,0.0,279.0,249.0,,,-,,,,,,
276,Norfolk State Spartans,NORF,2450,MEAC,,,-6.3894,-3.566,-2.8233,0.0,,15.0,17.0,15.0,17.0,8.0,6.0,8.0,6.0,194.0,,360.0,0.0,2.0,357.0,293.0,,,-,,,,,,
277,Mount St. Mary's Mountaineers,MSM,116,MAAC,,,-6.5204,-6.6052,0.0848,0.0,,15.0,17.0,15.0,17.0,11.0,9.0,11.0,9.0,194.0,,310.0,0.0,3.0,289.0,134.0,,,-,,,,,,
278,Long Beach State Beach,LBSU,299,Big West,,,-6.5663,-4.564,-2.0023,0.0,,10.0,22.0,10.0,22.0,6.0,14.0,6.0,14.0,194.0,,235.0,0.0,1.0,174.0,165.0,,,-,,,,,,
279,Northeastern Huskies,NE,111,CAA,,,-6.5764,-1.7039,-4.8725,0.0,,7.0,24.0,7.0,24.0,2.0,16.0,2.0,16.0,194.0,,220.0,0.0,0.0,152.0,143.0,,,-,,,,,,
280,UC Riverside Highlanders,UCR,27,Big West,,,-6.7564,-4.4329,-2.3235,0.0,,10.0,22.0,10.0,22.0,5.0,15.0,5.0,15.0,194.0,,230.0,0.0,2.0,166.0,118.0,,,-,,,,,,
281,SE Louisiana Lions,SELA,2545,Southland,,,-6.7624,-6.4132,-0.3493,0.0,,9.0,22.0,9.0,22.0,6.0,16.0,6.0,16.0,194.0,,223.0,0.0,0.0,156.0,52.0,,,-,,,,,,
282,Sacred Heart Pioneers,SHU,2529,MAAC,,,-6.7673,-1.7776,-4.9897,0.0,,14.0,19.0,14.0,19.0,9.0,11.0,9.0,11.0,194.0,,327.0,0.0,1.0,313.0,213.0,,,-,,,,,,
283,Central Michigan Chippewas,CMU,2117,MAC,,,-6.9052,-3.3061,-3.5991,0.0,,10.0,21.0,10.0,21.0,6.0,12.0,6.0,12.0,194.0,,233.0,0.0,2.0,172.0,168.0,,,-,,,,,,
284,Mercyhurst Lakers,MERC,2385,NEC,,,-6.9265,-6.1776,-0.7489,0.0,,17.0,17.0,17.0,17.0,10.0,8.0,10.0,8.0,194.0,,351.0,0.0,1.0,345.0,237.0,,,-,,,,,,
285,Central Connecticut Blue Devils,CCSU,2115,NEC,,,-6.9717,-2.8293,-4.1424,0.0,,18.0,12.0,18.0,12.0,12.0,6.0,12.0,6.0,194.0,,362.0,0.0,0.0,359.0,294.0,,,-,,,,,,
286,North Dakota Fighting Hawks,UND,155,Summit,,,-6.9718,-3.0857,-3.8861,0.0,,18.0,17.0,18.0,17.0,10.0,6.0,10.0,6.0,194.0,,303.0,0.0,2.0,278.0,259.0,,,-,,,,,,
287,Pepperdine Waves,PEPP,2492,WCC,,,-7.0342,-3.8613,-3.1729,0.0,,9.0,23.0,9.0,23.0,4.0,14.0,4.0,14.0,194.0,,212.0,0.0,6.0,136.0,340.0,,,-,,,,,,
288,Lehigh Mountain Hawks,LEH,2329,Patriot,,,-7.0798,-5.1721,-1.9077,0.0,96.0,18.0,16.0,18.5365,16.4635,11.0,7.0,11.0,7.0,194.0,,67.0,0.0,2.0,323.0,283.0,,16.0,SOUTH,0.0,1e-08,8.900000000000001e-07,0.00010337999999999999,0.01,0.22
289,Delaware Blue Hens,DEL,48,CUSA,,,-7.1282,-3.2767,-3.8514,0.0,,10.0,21.0,10.0,21.0,6.0,14.0,6.0,14.0,194.0,,227.0,0.0,1.0,163.0,327.0,,,-,,,,,,
290,Morehead State Eagles,MORE,2413,OVC,,,-7.3656,-2.3886,-4.977,100.0,,20.0,13.0,20.0,13.0,15.0,5.0,15.0,5.0,187.0,,196.0,0.0,2.0,328.0,196.0,,,-,,,,,,
291,Northwestern State Demons,NWST,2466,Southland,,,-7.3796,-4.5463,-2.8333,0.0,,10.0,22.0,10.0,22.0,8.0,14.0,8.0,14.0,194.0,,240.0,0.0,1.0,181.0,107.0,,,-,,,,,,
292,Bellarmine Knights,BELL,91,ASUN,,,-7.5924,2.0661,-9.6585,0.0,,13.0,19.0,13.0,19.0,7.0,11.0,7.0,11.0,194.0,,294.0,0.0,2.0,263.0,202.0,,,-,,,,,,
293,Southern Utah Thunderbirds,SUU,253,WAC,,,-7.6042,-4.2451,-3.3591,0.0,,10.0,22.0,10.0,22.0,6.0,12.0,6.0,12.0,194.0,,237.0,0.0,2.0,177.0,182.0,,,-,,,,,,
294,Georgia State Panthers,GAST,2247,Sun Belt,,,-7.6537,-6.3805,-1.2732,0.0,,10.0,22.0,10.0,22.0,7.0,11.0,7.0,11.0,194.0,,258.0,0.0,1.0,213.0,233.0,,,-,,,,,,
295,Western Michigan Broncos,WMU,2711,MAC,,,-7.7728,-3.0954,-4.6773,0.0,,10.0,21.0,10.0,21.0,4.0,14.0,4.0,14.0,194.0,,234.0,0.0,2.0,173.0,275.0,,,-,,,,,,
296,Grambling Tigers,GRAM,2755,SWAC,,,-7.7832,-8.242,0.4589,0.0,,14.0,19.0,14.0,19.0,7.0,11.0,7.0,11.0,194.0,,357.0,0.0,2.0,352.0,260.0,,,-,,,,,,
297,Prairie View A&M Panthers,PV,2504,SWAC,,,-7.7964,-6.1381,-1.6583,0.0,95.0,18.0,17.0,18.4635,17.5365,9.0,9.0,9.0,9.0,194.0,,68.0,0.0,2.0,354.0,247.0,,16.0,SOUTH,0.0,0.0,4.2999999999999996e-07,5.8059999999999996e-05,0.0,0.16999999999999998
298,South Carolina Upstate Spartans,UPST,2908,Big South,,,-7.8047,-6.4707,-1.334,0.0,,13.0,19.0,13.0,19.0,5.0,11.0,5.0,11.0,194.0,,296.0,0.0,2.0,266.0,316.0,,,-,,,,,,
299,UAlbany Great Danes,UALB,399,Am. East,,,-7.8322,-3.8096,-4.0226,0.0,,11.0,21.0,11.0,21.0,7.0,9.0,7.0,9.0,194.0,,317.0,0.0,0.0,299.0,127.0,,,-,,,,,,
300,Le Moyne Dolphins,LEM,2330,NEC,,,-7.8761,-4.8269,-3.0492,0.0,,15.0,17.0,15.0,17.0,10.0,8.0,10.0,8.0,194.0,,348.0,0.0,1.0,341.0,209.0,,,-,,,,,,
301,Idaho State Bengals,IDST,304,Big Sky,,,-7.9227,-2.0931,-5.8296,0.0,,13.0,20.0,13.0,20.0,5.0,13.0,5.0,13.0,194.0,,275.0,0.0,1.0,238.0,254.0,,,-,,,,,,
302,North Carolina A&T Aggies,NCAT,2448,CAA,,,-7.9798,-3.6446,-4.3352,0.0,,11.0,19.0,11.0,19.0,4.0,14.0,4.0,14.0,194.0,,268.0,0.0,0.0,228.0,351.0,,,-,,,,,,
303,Sacramento State Hornets,SAC,16,Big Sky,,,-8.0927,-4.6619,-3.4309,0.0,,10.0,21.0,10.0,21.0,6.0,12.0,6.0,12.0,194.0,,241.0,0.0,2.0,184.0,117.0,,,-,,,,,,
304,East Texas A&M Lions,ETAM,2837,Southland,,,-8.1946,-6.4348,-1.7598,0.0,,11.0,21.0,11.0,21.0,6.0,16.0,6.0,16.0,194.0,,236.0,0.0,2.0,176.0,124.0,,,-,,,,,,
305,Little Rock Trojans,LR,2031,OVC,,,-8.3035,-5.01,-3.2935,0.0,,12.0,20.0,12.0,20.0,9.0,11.0,9.0,11.0,194.0,,326.0,0.0,1.0,311.0,110.0,,,-,,,,,,
306,Evansville Purple Aces,EVAN,339,MVC,,,-8.425,-6.4014,-2.0236,0.0,,7.0,25.0,7.0,25.0,3.0,17.0,3.0,17.0,194.0,,203.0,0.0,1.0,101.0,113.0,,,-,,,,,,
307,UMass Lowell River Hawks,UML,2349,Am. East,,,-8.4276,-3.5766,-4.851,0.0,,15.0,18.0,15.0,18.0,9.0,7.0,9.0,7.0,194.0,,329.0,0.0,2.0,316.0,189.0,,,-,,,,,,
308,South Dakota Coyotes,SDAK,233,Summit,,,-8.5543,-3.3911,-5.1632,0.0,,16.0,16.0,16.0,16.0,8.0,8.0,8.0,8.0,194.0,,332.0,0.0,1.0,319.0,341.0,,,-,,,,,,
309,Louisiana Ragin' Cajuns,UL,309,Sun Belt,,,-8.599,-6.4882,-2.1108,0.0,,11.0,22.0,11.0,22.0,7.0,11.0,7.0,11.0,194.0,,245.0,0.0,1.0,190.0,177.0,,,-,,,,,,
310,Texas Southern Tigers,TXSO,2640,SWAC,,,-8.725,-6.0997,-2.6253,0.0,,12.0,18.0,12.0,18.0,10.0,8.0,10.0,8.0,194.0,,340.0,0.0,4.0,329.0,71.0,,,-,,,,,,
311,Loyola Maryland Greyhounds,L-MD,2352,Patriot,,,-8.809,-3.9256,-4.8834,0.0,,12.0,20.0,12.0,20.0,8.0,10.0,8.0,10.0,194.0,,342.0,0.0,1.0,333.0,315.0,,,-,,,,,,
312,Lafayette Leopards,LAF,322,Patriot,,,-8.8506,-5.9881,-2.8625,0.0,,11.0,21.0,11.0,21.0,8.0,10.0,8.0,10.0,194.0,,315.0,0.0,2.0,297.0,201.0,,,-,,,,,,
313,Houston Christian Huskies,HCU,2277,Southland,,,-9.1289,-5.5955,-3.5334,0.0,,12.0,20.0,12.0,20.0,8.0,14.0,8.0,14.0,194.0,,259.0,0.0,1.0,214.0,290.0,,,-,,,,,,
314,Cleveland State Vikings,CLE,325,Horizon,,,-9.1438,-1.6886,-7.4552,0.0,,11.0,22.0,11.0,22.0,6.0,14.0,6.0,14.0,194.0,,250.0,0.0,1.0,201.0,178.0,,,-,,,,,,
315,IU Indianapolis Jaguars,IUIN,85,Horizon,,,-9.2313,-2.7823,-6.449,0.0,,7.0,25.0,7.0,25.0,3.0,17.0,3.0,17.0,194.0,,285.0,0.0,1.0,252.0,284.0,,,-,,,,,,
316,West Georgia Wolves,WGA,2698,ASUN,,,-9.2639,-5.6982,-3.5657,0.0,,15.0,17.0,15.0,17.0,8.0,10.0,8.0,10.0,194.0,,320.0,0.0,3.0,303.0,246.0,,,-,,,,,,
317,Northern Arizona Lumberjacks,NAU,2464,Big Sky,,,-9.2698,-4.1762,-5.0936,0.0,,10.0,22.0,10.0,22.0,4.0,14.0,4.0,14.0,194.0,,297.0,0.0,1.0,267.0,319.0,,,-,,,,,,
318,UTSA Roadrunners,UTSA,2636,American,,,-9.3687,-5.8574,-3.5114,0.0,,5.0,25.0,5.0,25.0,1.0,17.0,1.0,17.0,194.0,,205.0,0.0,1.0,120.0,200.0,,,-,,,,,,
319,Tennessee Tech Golden Eagles,TNTC,2635,OVC,,,-9.3811,-5.5475,-3.8336,0.0,,13.0,18.0,13.0,18.0,8.0,12.0,8.0,12.0,194.0,,345.0,0.0,2.0,338.0,244.0,,,-,,,,,,
320,Oral Roberts Golden Eagles,ORU,198,Summit,,,-9.3834,-6.0029,-3.3806,0.0,,10.0,23.0,10.0,23.0,4.0,12.0,4.0,12.0,194.0,,261.0,0.0,2.0,216.0,141.0,,,-,,,,,,
321,Florida A&M Rattlers,FAMU,50,SWAC,,,-9.4471,-7.4299,-2.0172,0.0,,15.0,16.0,15.0,16.0,11.0,7.0,11.0,7.0,194.0,,344.0,0.0,2.0,337.0,132.0,,,-,,,,,,
322,Manhattan Jaspers,MAN,2363,MAAC,,,-9.5239,-2.9544,-6.5694,0.0,,12.0,20.0,12.0,20.0,8.0,12.0,8.0,12.0,194.0,,334.0,0.0,1.0,321.0,264.0,,,-,,,,,,
323,New Haven Chargers,NHVN,2441,NEC,,,-9.8211,-8.5653,-1.2558,0.0,,14.0,17.0,14.0,17.0,9.0,9.0,9.0,9.0,194.0,,356.0,0.0,2.0,351.0,222.0,,,-,,,,,,
324,Wagner Seahawks,WAG,2681,NEC,,,-9.8397,-6.5522,-3.2875,0.0,,14.0,17.0,14.0,17.0,8.0,10.0,8.0,10.0,194.0,,341.0,0.0,1.0,331.0,164.0,,,-,,,,,,
325,Alabama State Hornets,ALST,2011,SWAC,,,-9.858,-6.5541,-3.3039,0.0,,10.0,22.0,10.0,22.0,7.0,11.0,7.0,11.0,194.0,,302.0,0.0,2.0,277.0,39.0,,,-,,,,,,
326,Eastern Illinois Panthers,EIU,2197,OVC,,,-10.0569,-8.4591,-1.5978,0.0,,13.0,20.0,13.0,20.0,8.0,12.0,8.0,12.0,194.0,,335.0,0.0,3.0,322.0,203.0,,,-,,,,,,
327,Stonehill Skyhawks,STO,284,NEC,,,-10.0595,-9.64,-0.4195,0.0,,12.0,21.0,12.0,21.0,8.0,10.0,8.0,10.0,194.0,,353.0,0.0,1.0,348.0,269.0,,,-,,,,,,
328,Fairleigh Dickinson Knights,FDU,161,NEC,,,-10.1226,-6.1606,-3.9621,0.0,,11.0,21.0,11.0,21.0,8.0,10.0,8.0,10.0,194.0,,343.0,0.0,2.0,334.0,185.0,,,-,,,,,,
329,Cal State Bakersfield Roadrunners,CSUB,2934,Big West,,,-10.1756,-5.7034,-4.4722,0.0,,8.0,24.0,8.0,24.0,2.0,18.0,2.0,18.0,194.0,,247.0,0.0,0.0,193.0,262.0,,,-,,,,,,
330,Alabama A&M Bulldogs,AAMU,2010,SWAC,,,-10.1959,-5.9971,-4.1987,0.0,,18.0,15.0,18.0,15.0,10.0,8.0,10.0,8.0,194.0,,363.0,0.0,2.0,361.0,329.0,,,-,,,,,,
331,Arkansas-Pine Bluff Golden Lions,UAPB,2029,SWAC,,,-10.197,-4.7256,-5.4713,0.0,,13.0,19.0,13.0,19.0,10.0,8.0,10.0,8.0,194.0,,292.0,0.0,4.0,260.0,16.0,,,-,,,,,,
332,Maine Black Bears,ME,311,Am. East,,,-10.2801,-9.5874,-0.6928,0.0,,8.0,24.0,8.0,24.0,6.0,10.0,6.0,10.0,194.0,,331.0,0.0,0.0,318.0,193.0,,,-,,,,,,
333,Holy Cross Crusaders,HC,107,Patriot,,,-10.7643,-6.0852,-4.6791,0.0,,11.0,22.0,11.0,22.0,5.0,13.0,5.0,13.0,194.0,,318.0,0.0,1.0,300.0,234.0,,,-,,,,,,
334,Northern Illinois Huskies,NIU,2459,MAC,,,-10.7887,-7.3326,-3.4561,0.0,,9.0,21.0,9.0,21.0,4.0,14.0,4.0,14.0,194.0,,229.0,0.0,1.0,165.0,147.0,,,-,,,,,,
335,Stetson Hatters,STET,56,ASUN,,,-10.8037,-4.4692,-6.3345,0.0,,12.0,21.0,12.0,21.0,7.0,11.0,7.0,11.0,194.0,,270.0,0.0,2.0,230.0,125.0,,,-,,,,,,
336,North Florida Ospreys,UNF,2454,ASUN,,,-10.8925,-2.1638,-8.7287,0.0,,7.0,25.0,7.0,25.0,5.0,13.0,5.0,13.0,194.0,,263.0,0.0,4.0,219.0,106.0,,,-,,,,,,
337,Bucknell Bison,BUCK,2083,Patriot,,,-10.9243,-7.2268,-3.6975,0.0,,10.0,23.0,10.0,23.0,6.0,12.0,6.0,12.0,194.0,,277.0,0.0,2.0,241.0,90.0,,,-,,,,,,
338,North Alabama Lions,UNA,2453,ASUN,,,-10.9404,-5.3778,-5.5627,0.0,,9.0,21.0,9.0,21.0,4.0,14.0,4.0,14.0,194.0,,293.0,0.0,1.0,262.0,161.0,,,-,,,,,,
339,NJIT Highlanders,NJIT,2885,Am. East,,,-11.4749,-8.7227,-2.7522,0.0,,16.0,17.0,16.0,17.0,10.0,6.0,10.0,6.0,194.0,,311.0,0.0,2.0,291.0,137.0,,,-,,,,,,
340,Army Black Knights,ARMY,349,Patriot,,,-11.5771,-6.0137,-5.5634,0.0,,11.0,21.0,11.0,21.0,5.0,13.0,5.0,13.0,194.0,,330.0,0.0,1.0,317.0,280.0,,,-,,,,,,
341,New Hampshire Wildcats,UNH,160,Am. East,,,-11.828,-8.6395,-3.1885,0.0,,9.0,21.0,9.0,21.0,5.0,11.0,5.0,11.0,194.0,,306.0,0.0,3.0,283.0,86.0,,,-,,,,,,
342,North Carolina Central Eagles,NCCU,2428,MEAC,,,-12.0794,-6.0551,-6.0243,0.0,,14.0,18.0,14.0,18.0,8.0,6.0,8.0,6.0,194.0,,347.0,0.0,4.0,340.0,188.0,,,-,,,,,,
343,Southern Indiana Screaming Eagles,USI,88,OVC,,,-12.1249,-8.7022,-3.4227,0.0,,7.0,23.0,7.0,23.0,4.0,16.0,4.0,16.0,194.0,,352.0,0.0,0.0,347.0,309.0,,,-,,,,,,
344,Maryland Eastern Shore Hawks,UMES,2379,MEAC,,,-12.4771,-9.336,-3.1411,0.0,,9.0,23.0,9.0,23.0,5.0,9.0,5.0,9.0,194.0,,319.0,0.0,4.0,302.0,114.0,,,-,,,,,,
345,Saint Francis Red Flash,SFPA,2598,NEC,,,-12.879,-6.8149,-6.0641,0.0,,7.0,24.0,7.0,24.0,5.0,13.0,5.0,13.0,194.0,,316.0,0.0,3.0,298.0,63.0,,,-,,,,,,
346,Niagara Purple Eagles,NIA,315,MAAC,,,-12.8884,-7.0349,-5.8535,0.0,,8.0,22.0,8.0,22.0,5.0,15.0,5.0,15.0,194.0,,336.0,0.0,2.0,324.0,272.0,,,-,,,,,,
347,Chicago State Cougars,CHST,2130,NEC,,,-12.9161,-6.8179,-6.0982,0.0,,7.0,25.0,7.0,25.0,5.0,13.0,5.0,13.0,194.0,,251.0,0.0,3.0,202.0,9.0,,,-,,,,,,
348,Bryant Bulldogs,BRY,2803,Am. East,,,-13.0411,-8.1436,-4.8975,0.0,,9.0,22.0,9.0,22.0,5.0,11.0,5.0,11.0,194.0,,314.0,0.0,1.0,295.0,123.0,,,-,,,,,,
349,Canisius Golden Griffins,CAN,2099,MAAC,,,-13.0863,-9.1436,-3.9428,0.0,,10.0,21.0,10.0,21.0,5.0,15.0,5.0,15.0,194.0,,323.0,0.0,0.0,308.0,205.0,,,-,,,,,,
350,Jackson State Tigers,JKST,2296,SWAC,,,-13.2696,-7.4697,-5.7999,0.0,,12.0,21.0,12.0,21.0,10.0,8.0,10.0,8.0,194.0,,276.0,0.0,6.0,239.0,14.0,,,-,,,,,,
351,Morgan State Bears,MORG,2415,MEAC,,,-13.459,-6.6199,-6.839,0.0,,14.0,16.0,14.0,16.0,10.0,4.0,10.0,4.0,194.0,,361.0,0.0,0.0,358.0,298.0,,,-,,,,,,
352,The Citadel Bulldogs,CIT,2643,SoCon,,,-13.8127,-6.4399,-7.3728,0.0,,11.0,22.0,11.0,22.0,7.0,11.0,7.0,11.0,194.0,,299.0,0.0,0.0,270.0,306.0,,,-,,,,,,
353,UL Monroe Warhawks,ULM,2433,Sun Belt,,,-14.0483,-7.0908,-6.9576,0.0,,4.0,28.0,4.0,28.0,1.0,17.0,1.0,17.0,194.0,,256.0,0.0,1.0,211.0,250.0,,,-,,,,,,
354,VMI Keydets,VMI,2678,SoCon,,,-14.208,-6.8513,-7.3568,0.0,,6.0,26.0,6.0,26.0,1.0,17.0,1.0,17.0,194.0,,301.0,0.0,1.0,276.0,322.0,,,-,,,,,,
355,Air Force Falcons,AF,2005,Mountain West,,,-14.2766,-9.9155,-4.3611,0.0,,3.0,29.0,3.0,29.0,0.0,20.0,0.0,20.0,194.0,,199.0,0.0,1.0,91.0,236.0,,,-,,,,,,
356,Alcorn State Braves,ALCN,2016,SWAC,,,-14.3127,-8.5388,-5.7739,0.0,,9.0,23.0,9.0,23.0,7.0,11.0,7.0,11.0,194.0,,257.0,0.0,3.0,212.0,6.0,,,-,,,,,,
357,Binghamton Bearcats,BING,2066,Am. East,,,-14.417,-7.5426,-6.8745,0.0,,8.0,23.0,8.0,23.0,4.0,12.0,4.0,12.0,194.0,,364.0,0.0,0.0,362.0,356.0,,,-,,,,,,
358,Rider Broncs,RID,2520,MAAC,,,-14.9003,-8.5404,-6.3598,0.0,,4.0,25.0,4.0,25.0,3.0,17.0,3.0,17.0,194.0,,266.0,0.0,4.0,223.0,50.0,,,-,,,,,,
359,South Carolina State Bulldogs,SCST,2569,MEAC,,,-15.0031,-9.9149,-5.0881,0.0,,10.0,22.0,10.0,22.0,7.0,7.0,7.0,7.0,194.0,,338.0,0.0,3.0,326.0,129.0,,,-,,,,,,
360,Kansas City Roos,KC,140,Summit,,,-15.3984,-10.5656,-4.8328,0.0,,4.0,27.0,4.0,27.0,1.0,15.0,1.0,15.0,194.0,,274.0,0.0,3.0,236.0,186.0,,,-,,,,,,
361,Delaware State Hornets,DSU,2169,MEAC,,,-15.987,-13.05,-2.937,0.0,,8.0,23.0,8.0,23.0,2.0,12.0,2.0,12.0,194.0,,359.0,0.0,1.0,356.0,296.0,,,-,,,,,,
362,Western Illinois Leathernecks,WIU,2710,OVC,,,-17.4011,-10.2274,-7.1737,0.0,,5.0,26.0,5.0,26.0,1.0,19.0,1.0,19.0,194.0,,354.0,0.0,1.0,349.0,339.0,,,-,,,,,,
363,Gardner-Webb Runnin' Bulldogs,GWEB,2241,Big South,,,-17.4266,-9.1786,-8.248,0.0,,4.0,29.0,4.0,29.0,1.0,15.0,1.0,15.0,194.0,,222.0,0.0,2.0,154.0,104.0,,,-,,,,,,
364,Coppin State Eagles,COPP,2154,MEAC,,,-18.7217,-11.9106,-6.811,0.0,,7.0,24.0,7.0,24.0,5.0,9.0,5.0,9.0,194.0,,283.0,0.0,2.0,250.0,51.0,,,-,,,,,,
365,Mississippi Valley State Delta Devils,MVSU,2400,SWAC,,,-23.6529,-14.1071,-9.5458,0.0,,3.0,30.0,3.0,30.0,2.0,16.0,2.0,16.0,194.0,,321.0,0.0,3.0,304.0,70.0,,,-,,,,,,
