ranker,school_name,g,wins,losses,win_loss_pct,srs,sos,wins_conf,losses_conf,wins_home,losses_home,wins_visitor,losses_visitor,pts,opp_pts,opp_mp,opp_fg,opp_fga,opp_fg_pct,opp_fg3,opp_fg3a,opp_fg3_pct,opp_ft,opp_fta,opp_ft_pct,opp_orb,opp_trb,opp_ast,opp_stl,opp_blk,opp_tov,opp_pf
1,Abilene Christian,33,14,19,.424,-7.18,-1.25,5,13,9,5,3,12,2321,2389,1325,793,1621,.489,196,498,.394,607,842,.721,266,1029,393,278,147,541,605
2,Air Force,32,3,29,.094,-13.66,4.68,0,20,3,15,0,12,1969,2556,1280,900,1834,.491,268,712,.376,488,671,.727,321,1146,488,255,113,325,569
3,Akron&nbsp;NCAA,34,29,5,.853,9.04,-3.33,17,1,15,0,9,3,3004,2499,1360,874,2074,.421,319,914,.349,432,597,.724,376,1125,450,212,95,460,531
4,Alabama&nbsp;NCAA,32,23,9,.719,22.70,14.45,13,5,12,3,7,3,2935,2671,1290,955,2205,.433,259,773,.335,502,720,.697,443,1280,446,205,118,304,635
5,Alabama A&amp;M,33,18,15,.545,-12.99,-10.49,10,8,12,5,4,8,2378,2393,1325,822,1860,.442,231,682,.339,518,714,.725,329,1129,463,202,99,372,634
6,Alabama State,32,10,22,.313,-14.21,-8.14,7,11,5,4,4,15,2341,2473,1280,826,1837,.450,253,746,.339,568,774,.734,336,1159,453,243,127,441,560
7,Albany (NY),32,11,21,.344,-13.92,-8.09,7,9,6,5,4,13,2303,2332,1280,814,1820,.447,252,719,.350,452,623,.726,331,1035,446,218,101,345,426
8,Alcorn State,32,9,23,.281,-19.82,-6.54,7,11,5,4,2,18,2141,2566,1282,911,1850,.492,214,649,.330,530,729,.727,366,1182,507,234,134,403,493
9,American,32,16,16,.500,-6.91,-6.21,9,9,11,6,5,10,2387,2283,1280,786,1689,.465,213,627,.340,498,688,.724,287,1070,418,198,94,422,541
10,Appalachian State,32,19,13,.594,-3.77,-5.67,11,7,11,4,7,8,2305,2114,1285,739,1851,.399,240,763,.315,396,563,.703,341,1089,374,162,80,301,608
11,Arizona&nbsp;NCAA,34,32,2,.941,29.92,12.57,16,2,16,1,9,1,2929,2339,1365,834,2129,.392,249,792,.314,422,590,.715,372,1078,408,205,126,407,669
12,Arizona State,33,17,16,.515,10.79,12.79,7,11,10,5,2,9,2519,2585,1320,899,1984,.453,280,800,.350,505,681,.742,407,1199,498,244,113,430,654
13,Arkansas&nbsp;NCAA,34,26,8,.765,22.43,12.57,13,5,17,1,5,5,3058,2723,1380,985,2174,.453,263,830,.317,490,681,.720,387,1176,491,171,97,392,612
14,Arkansas State,32,20,12,.625,-0.65,-4.39,11,7,11,4,9,7,2655,2471,1295,861,1960,.439,249,766,.325,500,713,.701,326,1067,440,284,106,368,618
15,Arkansas-Pine Bluff,32,13,19,.406,-14.79,-6.92,10,8,7,4,6,14,2472,2593,1285,876,1908,.459,238,711,.335,603,809,.745,363,1158,473,244,100,395,529
16,Army,32,11,21,.344,-15.28,-7.14,5,13,6,10,5,10,2309,2471,1305,844,1807,.467,261,749,.348,522,702,.744,285,1119,448,230,101,353,509
17,Auburn,33,17,16,.515,17.02,13.69,7,11,11,4,2,8,2730,2620,1330,908,1961,.463,285,781,.365,519,695,.747,360,1093,466,218,152,375,659
18,Austin Peay,31,22,9,.710,-2.25,-6.70,15,3,12,1,9,7,2530,2269,1240,808,1805,.448,240,739,.325,413,585,.706,312,1067,429,204,98,425,560
19,Ball State,31,12,19,.387,-9.58,-4.27,7,11,7,7,4,11,2093,2154,1250,753,1691,.445,232,694,.334,416,546,.762,293,1107,404,166,113,395,485
20,Baylor,32,16,16,.500,15.33,11.78,6,12,11,6,3,7,2642,2469,1280,896,1954,.459,239,678,.353,438,582,.753,354,1027,436,223,102,362,576
Rk,School,G,W,L,W-L%,"Simple Rating SystemA rating that takes into account average point differential and strength of schedule. The rating is denominated in points above/below average, where zero is average. Non-Division I games are excluded from the ratings."" data-over-header=""Overall"" >SRS","Strength of ScheduleA rating of strength of schedule. The rating is denominated in points above/below average, where zero is average. Non-Division I games are excluded from the ratings."" data-over-header=""Overall"" >SOS",W,L,W,L,W,L,Tm.,Opp.,MP,FG,FGA,FG%,3P,3PA,3P%,FT,FTA,FT%,ORB,TRB,AST,STL,BLK,TOV,PF
21,Bellarmine,32,13,19,.406,-9.00,-4.64,7,11,9,5,2,13,2561,2614,1290,898,1856,.484,372,936,.397,446,606,.736,342,1026,553,193,94,331,560
22,Belmont,32,26,6,.813,8.95,-0.41,16,4,13,2,11,3,2684,2347,1290,793,1933,.410,319,949,.336,442,586,.754,348,1056,428,217,94,395,557
23,Bethune-Cookman,32,17,15,.531,-9.38,-6.45,14,4,10,1,7,11,2412,2462,1295,857,1954,.439,216,660,.327,532,745,.714,377,1139,408,271,92,375,595
24,Binghamton,31,8,23,.258,-20.67,-10.78,4,12,7,8,1,14,2105,2321,1265,828,1789,.463,250,701,.357,413,595,.694,303,1045,400,217,94,279,541
25,Boise State,32,20,12,.625,12.04,7.84,12,8,12,4,6,5,2502,2351,1310,851,1841,.462,237,683,.347,412,579,.712,240,916,390,189,95,314,632
26,Boston College,31,11,20,.355,3.39,6.65,4,14,10,7,1,10,2090,2191,1260,773,1811,.427,225,706,.319,420,626,.671,322,1163,376,192,105,311,530
27,Boston University,34,17,17,.500,-8.08,-8.23,10,8,10,5,6,12,2566,2514,1395,897,1954,.459,290,795,.365,430,593,.725,312,1033,440,240,90,294,522
28,Bowling Green,32,18,14,.563,0.47,-3.57,9,9,10,7,6,6,2602,2290,1285,785,1802,.436,256,752,.340,464,647,.717,282,1070,412,208,116,469,607
29,Bradley,33,21,12,.636,3.83,0.54,13,7,14,2,4,7,2560,2422,1365,832,1844,.451,268,742,.361,490,692,.708,313,1187,449,163,101,459,605
30,Brigham Young&nbsp;NCAA,34,23,11,.676,21.04,12.45,9,9,12,3,3,6,2853,2561,1365,922,2083,.443,288,816,.353,429,602,.713,365,1162,501,214,101,396,628
31,Brown,27,9,18,.333,-9.90,-4.66,3,11,6,8,3,10,1900,1892,1100,641,1483,.432,207,631,.328,403,534,.755,258,927,356,207,91,364,414
32,Bryant,31,9,22,.290,-18.19,-7.92,5,11,8,5,1,17,2010,2246,1255,805,1777,.453,224,632,.354,412,578,.713,321,1087,406,248,72,301,469
33,Bucknell,33,10,23,.303,-14.38,-5.44,6,12,6,8,4,12,2223,2518,1336,857,1852,.463,313,846,.370,491,653,.752,334,1155,530,249,122,400,541
34,Buffalo,32,17,15,.531,-3.52,-3.99,7,11,7,8,8,6,2497,2438,1290,874,1839,.475,268,766,.350,422,575,.734,317,1067,514,213,78,386,557
35,Butler,32,16,16,.500,10.47,8.63,7,13,10,7,3,8,2540,2481,1300,931,2039,.457,255,765,.333,364,507,.718,349,1099,500,217,149,344,647
36,Cal Poly,33,14,19,.424,-4.17,-0.20,10,10,8,6,6,11,2710,2805,1325,991,2154,.460,308,895,.344,515,711,.724,383,1245,520,239,112,413,649
37,Cal State Bakersfield,32,8,24,.250,-12.69,-1.26,2,18,6,11,2,13,2339,2629,1280,890,1915,.465,262,735,.356,587,816,.719,402,1227,475,240,116,428,619
38,Cal State Fullerton,34,18,16,.529,-1.75,0.12,12,8,10,4,6,10,2822,2778,1360,956,2088,.458,324,958,.338,542,723,.750,341,1302,561,207,96,512,688
39,Cal State Northridge,34,20,14,.588,-1.96,-1.27,12,8,12,3,7,8,2767,2713,1365,906,2132,.425,350,1036,.338,551,730,.755,344,1230,530,268,145,435,624
40,California,32,21,11,.656,11.67,7.61,9,9,16,4,4,6,2492,2344,1290,819,1890,.433,245,784,.313,461,699,.660,353,1173,458,168,119,367,589
Rk,School,G,W,L,W-L%,"Simple Rating SystemA rating that takes into account average point differential and strength of schedule. The rating is denominated in points above/below average, where zero is average. Non-Division I games are excluded from the ratings."" data-over-header=""Overall"" >SRS","Strength of ScheduleA rating of strength of schedule. The rating is denominated in points above/below average, where zero is average. Non-Division I games are excluded from the ratings."" data-over-header=""Overall"" >SOS",W,L,W,L,W,L,Tm.,Opp.,MP,FG,FGA,FG%,3P,3PA,3P%,FT,FTA,FT%,ORB,TRB,AST,STL,BLK,TOV,PF
41,California Baptist&nbsp;NCAA,33,25,8,.758,2.52,-2.93,13,5,15,0,7,7,2410,2230,1335,778,1866,.417,176,592,.297,498,693,.719,322,1075,358,225,128,386,595
42,Campbell,34,16,18,.471,-2.85,-0.10,8,10,10,4,3,13,2691,2639,1360,954,1999,.477,207,591,.350,524,711,.737,349,1125,467,236,126,415,668
43,Canisius,31,10,21,.323,-16.98,-7.85,5,15,7,8,3,13,1951,2184,1245,756,1696,.446,243,746,.326,429,596,.720,300,1058,424,207,101,329,478
44,Central Arkansas,34,22,12,.647,-1.34,-4.66,15,3,14,1,6,10,2749,2541,1385,887,1977,.449,356,1040,.342,411,564,.729,303,1175,547,223,112,469,571
45,Central Connecticut State,30,18,12,.600,-11.33,-9.94,12,6,10,4,8,8,2215,2127,1205,771,1794,.430,236,718,.329,349,457,.764,307,990,420,189,68,282,476
46,Central Michigan,31,10,21,.323,-8.48,-2.48,6,12,8,5,1,15,2275,2384,1240,835,1803,.463,242,707,.342,472,689,.685,359,1093,488,244,99,380,523
47,Charleston Southern,32,15,17,.469,-6.70,-6.66,6,10,10,4,5,11,2670,2563,1310,871,2109,.413,202,662,.305,619,873,.709,399,1263,336,261,97,305,557
48,Charlotte,34,17,17,.500,-0.20,1.08,9,9,11,6,4,8,2492,2530,1385,878,1981,.443,272,805,.338,502,706,.711,381,1105,446,228,97,306,568
49,Chattanooga,32,13,19,.406,-10.89,-6.96,7,11,7,8,6,9,2454,2408,1280,800,1875,.427,269,821,.328,539,764,.705,351,1139,417,180,72,301,512
50,Chicago State,32,7,25,.219,-16.28,-4.93,5,13,5,6,2,19,2105,2434,1285,818,1727,.474,318,891,.357,480,642,.748,340,1160,591,177,108,427,489
51,Cincinnati,33,18,15,.545,15.50,9.95,9,9,15,3,2,8,2413,2230,1325,791,1922,.412,238,767,.310,410,577,.711,325,1156,431,189,76,417,530
52,Clemson&nbsp;NCAA,34,24,10,.706,16.99,9.57,12,6,13,3,6,5,2521,2269,1370,776,1851,.419,259,795,.326,458,613,.747,294,1103,360,189,112,392,618
53,Cleveland State,33,11,22,.333,-13.07,-3.04,6,14,7,8,3,13,2633,2836,1320,984,2055,.479,321,905,.355,547,724,.756,405,1193,572,224,129,369,623
54,Coastal Carolina,32,19,13,.594,-7.52,-5.78,11,7,8,5,10,7,2346,2323,1310,803,2005,.400,233,733,.318,484,682,.710,345,1229,303,181,82,277,535
55,Colgate,33,18,15,.545,-5.99,-5.38,11,7,9,5,6,10,2522,2462,1350,864,1958,.441,274,802,.342,460,642,.717,340,1126,467,191,77,348,533
56,College of Charleston,32,21,11,.656,-1.17,-2.59,14,4,11,4,8,4,2413,2348,1290,849,2031,.418,285,882,.323,365,523,.698,405,1192,447,201,98,332,621
57,Colorado,32,17,15,.531,10.89,10.36,7,11,13,5,2,8,2559,2542,1290,888,1918,.463,253,687,.368,513,696,.737,330,1111,453,188,109,349,589
58,Colorado State,33,21,12,.636,8.56,5.03,11,9,12,5,6,5,2510,2347,1320,827,1823,.454,267,787,.339,426,615,.693,313,978,387,220,73,331,618
59,Columbia,28,16,12,.571,-2.56,-3.95,5,9,9,5,7,7,2146,2007,1130,706,1627,.434,200,590,.339,395,533,.741,259,858,411,191,108,284,436
60,Connecticut&nbsp;NCAA,34,29,5,.853,22.92,10.53,17,3,15,2,9,2,2635,2214,1370,740,1842,.402,202,667,.303,532,740,.719,341,1052,359,200,115,408,584
Rk,School,G,W,L,W-L%,"Simple Rating SystemA rating that takes into account average point differential and strength of schedule. The rating is denominated in points above/below average, where zero is average. Non-Division I games are excluded from the ratings."" data-over-header=""Overall"" >SRS","Strength of ScheduleA rating of strength of schedule. The rating is denominated in points above/below average, where zero is average. Non-Division I games are excluded from the ratings."" data-over-header=""Overall"" >SOS",W,L,W,L,W,L,Tm.,Opp.,MP,FG,FGA,FG%,3P,3PA,3P%,FT,FTA,FT%,ORB,TRB,AST,STL,BLK,TOV,PF
61,Coppin State,31,7,24,.226,-24.84,-8.11,5,9,3,6,4,15,2032,2493,1245,825,1768,.467,291,769,.378,552,742,.744,346,1108,514,276,131,387,554
62,Cornell,28,15,13,.536,-1.67,-2.83,8,6,7,4,8,8,2477,2335,1130,824,1728,.477,247,664,.372,440,614,.717,289,939,468,191,78,318,479
63,Creighton,32,15,17,.469,10.57,10.47,9,11,10,6,4,8,2404,2401,1285,913,2008,.455,227,642,.354,348,493,.706,348,1146,465,224,104,309,519
64,Dartmouth,27,11,16,.407,-8.24,-2.92,5,9,5,8,6,8,2047,2071,1085,750,1677,.447,225,666,.338,346,485,.713,280,965,387,199,80,261,486
65,Davidson,33,20,13,.606,4.27,2.76,10,8,11,7,7,4,2367,2225,1335,784,1793,.437,211,657,.321,446,647,.689,328,1113,381,197,95,387,557
66,Dayton,34,23,11,.676,8.85,4.37,12,6,14,3,6,5,2528,2376,1375,815,1870,.436,273,766,.356,473,668,.708,338,1151,416,239,123,496,693
67,Delaware,31,10,21,.323,-8.65,-2.45,6,14,5,10,4,10,2098,2293,1265,796,1823,.437,273,784,.348,428,553,.774,334,1074,476,234,90,282,454
68,Delaware State,31,8,23,.258,-22.55,-10.81,2,12,5,7,2,14,1896,2185,1250,768,1646,.467,196,577,.340,453,635,.713,285,1065,425,205,124,410,489
69,Denver,32,15,17,.469,-5.76,-2.04,8,8,9,5,6,11,2650,2650,1280,950,1950,.487,269,728,.370,481,691,.696,350,1097,407,188,88,291,598
70,DePaul,32,16,16,.500,7.45,6.76,8,12,11,7,4,7,2248,2226,1280,767,1772,.433,213,601,.354,479,670,.715,331,1097,441,235,118,404,555
71,Detroit Mercy,32,17,15,.531,-5.62,-3.19,12,8,9,5,7,9,2471,2475,1280,848,1912,.444,266,814,.327,513,722,.711,348,1107,492,199,105,330,576
72,Drake,34,14,20,.412,-0.93,1.44,6,14,6,11,4,7,2552,2544,1370,896,2039,.439,325,902,.360,427,628,.680,358,1237,496,204,90,353,577
73,Drexel,33,17,16,.515,-4.73,-4.48,10,8,12,4,4,9,2247,2221,1320,775,1859,.417,189,630,.300,482,641,.752,353,1123,363,242,102,360,549
74,Duke&nbsp;NCAA,34,32,2,.941,31.55,12.41,17,1,15,0,10,1,2798,2147,1360,770,1963,.392,273,897,.304,334,466,.717,312,1001,396,215,103,414,617
75,Duquesne,33,18,15,.545,3.38,2.34,9,9,12,6,5,7,2584,2481,1340,843,1887,.447,269,753,.357,526,721,.730,333,1116,459,236,136,432,580
76,East Carolina,31,11,20,.355,-5.73,0.43,6,12,7,10,4,8,2217,2401,1255,855,1889,.453,256,735,.348,435,600,.725,355,1115,462,224,101,353,577
77,East Tennessee State,34,23,11,.676,-0.64,-7.33,13,5,13,4,8,6,2638,2356,1370,802,1888,.425,291,902,.323,461,645,.715,329,1092,439,199,90,435,519
78,East Texas A&amp;M,32,11,21,.344,-11.01,-2.05,6,16,6,8,4,13,2246,2385,1280,839,1874,.448,255,702,.363,452,649,.696,357,1183,465,230,104,396,478
79,Eastern Illinois,33,13,20,.394,-13.46,-5.83,8,12,9,6,3,13,2214,2321,1335,806,1865,.432,248,790,.314,461,621,.742,377,1169,465,208,146,441,529
80,Eastern Kentucky,32,11,21,.344,-10.18,-4.58,7,11,8,7,3,13,2568,2619,1300,908,1886,.481,282,781,.361,521,721,.723,335,1137,490,228,85,368,539
Rk,School,G,W,L,W-L%,"Simple Rating SystemA rating that takes into account average point differential and strength of schedule. The rating is denominated in points above/below average, where zero is average. Non-Division I games are excluded from the ratings."" data-over-header=""Overall"" >SRS","Strength of ScheduleA rating of strength of schedule. The rating is denominated in points above/below average, where zero is average. Non-Division I games are excluded from the ratings."" data-over-header=""Overall"" >SOS",W,L,W,L,W,L,Tm.,Opp.,MP,FG,FGA,FG%,3P,3PA,3P%,FT,FTA,FT%,ORB,TRB,AST,STL,BLK,TOV,PF
81,Eastern Michigan,31,10,21,.323,-5.71,-1.51,4,14,7,7,3,14,2191,2279,1250,804,1823,.441,209,643,.325,462,644,.717,320,1100,409,203,118,341,496
82,Eastern Washington,33,14,19,.424,-1.98,-0.48,11,7,8,4,5,13,2576,2606,1330,912,1903,.479,260,737,.353,522,688,.759,321,1053,448,246,97,372,623
83,Elon,32,14,18,.438,-5.48,-3.01,6,12,8,8,6,9,2500,2492,1300,869,1911,.455,304,846,.359,450,639,.704,367,1133,485,203,117,370,556
84,Evansville,32,7,25,.219,-8.81,3.69,3,17,5,10,1,12,2143,2447,1290,858,1873,.458,297,803,.370,434,582,.746,315,1147,494,244,71,342,524
85,Fairfield,34,21,13,.618,-8.06,-9.06,11,9,12,4,7,8,2528,2432,1365,879,1972,.446,240,705,.340,434,588,.738,334,1173,459,195,145,397,542
86,FDU,32,11,21,.344,-14.99,-7.43,8,10,8,6,3,15,2150,2245,1285,781,1695,.461,250,686,.364,433,612,.708,262,1024,393,200,92,350,544
87,Florida&nbsp;NCAA,33,26,7,.788,27.90,13.11,16,2,14,1,8,2,2864,2376,1320,827,2025,.408,221,683,.324,501,689,.727,319,1019,368,219,96,368,654
88,Florida A&amp;M,31,15,16,.484,-14.02,-8.95,11,7,8,4,5,11,2183,2312,1245,785,1752,.448,212,608,.349,530,704,.753,321,1062,389,271,101,424,563
89,Florida Atlantic,33,18,15,.545,3.77,1.93,9,9,11,4,4,8,2596,2453,1335,849,1977,.429,240,714,.336,515,712,.723,341,1143,392,247,92,375,562
90,Florida Gulf Coast,34,16,18,.471,-6.41,-5.03,8,10,11,6,3,11,2631,2598,1375,873,1954,.447,312,889,.351,540,740,.730,320,1159,462,216,108,401,559
91,Florida International,32,15,17,.469,-1.82,-0.47,8,12,12,6,3,10,2580,2492,1295,849,1955,.434,310,869,.357,484,685,.707,403,1171,526,256,108,484,600
92,Florida State,33,18,15,.545,11.66,9.24,10,8,11,6,6,5,2652,2572,1320,896,2015,.445,313,904,.346,467,659,.709,406,1261,499,222,130,450,590
93,Fordham,32,17,15,.531,0.25,-0.96,8,10,11,7,4,6,2235,2095,1285,744,1766,.421,251,757,.332,356,521,.683,278,1023,454,190,96,377,502
94,Fresno State,32,13,19,.406,3.50,4.66,7,13,10,8,2,10,2331,2330,1280,840,1902,.442,255,845,.302,395,545,.725,346,1125,428,236,103,406,581
95,Furman&nbsp;NCAA,34,22,12,.647,-3.24,-6.14,10,8,11,5,7,5,2600,2397,1375,859,2021,.425,277,855,.324,402,573,.702,331,1093,405,258,103,328,579
96,Gardner-Webb,33,4,29,.121,-22.36,-1.86,1,15,3,10,0,16,2248,2820,1320,1002,2031,.493,300,834,.360,516,711,.726,397,1298,556,266,114,371,513
97,George Mason,32,23,9,.719,6.45,1.19,11,7,17,2,4,6,2347,2160,1280,774,1821,.425,251,771,.326,361,513,.704,317,991,405,206,110,329,612
98,George Washington,33,18,15,.545,9.05,2.24,8,10,12,4,3,7,2708,2433,1325,843,1899,.444,270,813,.332,477,652,.732,312,1052,504,262,109,424,564
99,Georgetown,34,16,18,.471,9.22,8.51,6,14,10,7,4,8,2503,2479,1375,858,1991,.431,273,821,.333,490,675,.726,381,1175,471,211,116,373,595
100,Georgia&nbsp;NCAA,32,22,10,.688,19.57,8.91,10,8,14,4,6,4,2874,2533,1300,907,2071,.438,262,778,.337,457,637,.717,431,1200,429,223,113,440,603
Rk,School,G,W,L,W-L%,"Simple Rating SystemA rating that takes into account average point differential and strength of schedule. The rating is denominated in points above/below average, where zero is average. Non-Division I games are excluded from the ratings."" data-over-header=""Overall"" >SRS","Strength of ScheduleA rating of strength of schedule. The rating is denominated in points above/below average, where zero is average. Non-Division I games are excluded from the ratings."" data-over-header=""Overall"" >SOS",W,L,W,L,W,L,Tm.,Opp.,MP,FG,FGA,FG%,3P,3PA,3P%,FT,FTA,FT%,ORB,TRB,AST,STL,BLK,TOV,PF
101,Georgia Southern,37,21,16,.568,-6.48,-6.02,8,10,9,5,7,8,2994,2949,1495,996,2204,.452,300,875,.343,657,889,.739,455,1435,469,236,102,504,676
102,Georgia State,32,10,22,.313,-11.59,-4.59,7,11,7,7,3,12,2253,2391,1285,835,1911,.437,250,742,.337,471,674,.699,376,1239,434,192,91,371,589
103,Georgia Tech,31,11,20,.355,3.10,6.74,2,16,10,9,1,9,2287,2400,1245,822,1931,.426,284,857,.331,472,661,.714,362,1134,463,251,134,347,528
104,Gonzaga&nbsp;NCAA,33,30,3,.909,25.11,5.98,16,2,15,0,8,2,2809,2178,1325,751,1903,.395,256,832,.308,420,589,.713,322,1062,397,175,86,477,575
105,Grambling,33,14,19,.424,-12.21,-9.99,7,11,7,5,4,13,2321,2314,1320,796,1826,.436,208,647,.321,514,720,.714,351,1117,414,278,140,489,591
106,Grand Canyon,32,20,12,.625,11.03,4.06,13,7,13,4,6,5,2420,2197,1285,736,1780,.413,217,680,.319,508,694,.732,281,1004,369,206,88,384,645
107,Green Bay,33,18,15,.545,-5.00,-3.04,12,8,10,4,6,9,2469,2470,1331,836,1858,.450,293,811,.361,505,680,.743,315,1039,486,202,97,296,587
108,Hampton,32,13,19,.406,-8.65,-4.55,7,11,10,2,2,12,2237,2264,1290,781,1730,.451,183,579,.316,519,764,.679,318,1107,391,197,136,372,599
109,Harvard,29,17,12,.586,-1.61,-4.08,10,4,8,4,9,6,2032,1934,1175,707,1623,.436,201,635,.317,319,437,.730,268,924,364,189,71,322,414
110,Hawaii&nbsp;NCAA,32,24,8,.750,4.85,-3.59,14,6,16,3,6,5,2548,2231,1290,788,1918,.411,190,626,.304,465,672,.692,306,1051,299,246,92,391,667
111,High Point&nbsp;NCAA,34,30,4,.882,6.76,-7.89,15,1,17,1,7,2,3059,2389,1370,826,1937,.426,252,794,.317,485,690,.703,367,1164,429,163,118,558,685
112,Hofstra&nbsp;NCAA,34,24,10,.706,4.48,-2.46,12,6,10,2,9,8,2571,2246,1370,761,1967,.387,249,789,.316,475,668,.711,381,1149,418,171,115,343,570
113,Holy Cross,33,11,22,.333,-13.67,-6.80,5,13,6,8,4,14,2251,2418,1320,900,1896,.475,242,732,.331,376,509,.739,286,1129,450,209,100,323,512
114,Houston&nbsp;NCAA,34,28,6,.824,26.23,11.93,14,4,15,1,6,3,2623,2137,1365,710,1775,.400,233,726,.321,484,693,.698,362,1139,380,156,79,466,538
115,Houston Christian,32,12,20,.375,-9.76,-3.63,8,14,9,5,3,13,2147,2309,1285,847,1792,.473,234,671,.349,381,536,.711,328,1073,448,225,103,379,510
116,Howard&nbsp;NCAA,33,23,10,.697,-4.64,-11.85,11,3,11,4,7,6,2556,2236,1324,762,1822,.418,188,628,.299,524,742,.706,354,1045,347,197,130,498,658
117,Idaho&nbsp;NCAA,35,21,14,.600,-0.05,-2.70,9,9,9,4,7,9,2753,2540,1405,863,2003,.431,254,740,.343,560,759,.738,288,1158,402,221,96,379,653
118,Idaho State,33,13,20,.394,-5.54,-1.61,5,13,8,6,3,12,2459,2513,1326,880,1856,.474,245,694,.353,508,668,.760,272,970,427,218,97,330,633
119,Illinois&nbsp;NCAA,32,24,8,.750,26.45,11.89,15,5,14,3,8,2,2700,2234,1300,830,2024,.410,268,854,.314,306,417,.734,325,994,427,176,83,250,599
120,Illinois State,32,20,12,.625,6.30,0.85,12,8,13,2,5,7,2404,2190,1285,790,1810,.436,209,636,.329,401,587,.683,283,1032,402,191,89,353,555
Rk,School,G,W,L,W-L%,"Simple Rating SystemA rating that takes into account average point differential and strength of schedule. The rating is denominated in points above/below average, where zero is average. Non-Division I games are excluded from the ratings."" data-over-header=""Overall"" >SRS","Strength of ScheduleA rating of strength of schedule. The rating is denominated in points above/below average, where zero is average. Non-Division I games are excluded from the ratings."" data-over-header=""Overall"" >SOS",W,L,W,L,W,L,Tm.,Opp.,MP,FG,FGA,FG%,3P,3PA,3P%,FT,FTA,FT%,ORB,TRB,AST,STL,BLK,TOV,PF
121,Illinois-Chicago,34,19,15,.559,3.81,0.46,12,8,9,5,7,8,2567,2379,1380,811,1914,.424,289,879,.329,468,633,.739,363,1106,536,219,138,464,620
122,Incarnate Word,31,12,19,.387,-7.09,-2.51,7,15,9,6,2,12,2302,2285,1240,797,1698,.469,206,601,.343,485,677,.716,303,1009,407,185,101,330,513
123,Indiana,32,18,14,.563,16.70,10.70,9,11,14,4,3,8,2501,2309,1295,786,1833,.429,223,674,.331,514,678,.758,320,1036,385,177,90,325,551
124,Indiana State,32,11,21,.344,-2.70,0.70,4,16,8,7,3,12,2354,2383,1305,889,1990,.447,218,690,.316,387,561,.690,358,1149,387,258,130,343,489
125,Iona,32,18,14,.563,-7.27,-7.99,10,10,11,3,6,8,2363,2340,1305,840,1968,.427,245,801,.306,415,566,.733,373,1197,475,238,114,371,512
126,Iowa&nbsp;NCAA,33,21,12,.636,19.00,9.76,10,10,14,3,3,8,2482,2177,1325,749,1625,.461,214,635,.337,465,636,.731,265,941,382,168,86,441,577
127,Iowa State&nbsp;NCAA,34,27,7,.794,27.15,10.50,12,6,16,1,5,5,2781,2215,1360,794,1862,.426,256,797,.321,371,519,.715,316,1054,433,227,120,519,570
128,IU Indy,32,7,25,.219,-12.45,-4.15,3,17,5,9,2,15,2673,2825,1285,960,1887,.509,257,666,.386,648,876,.740,359,1223,506,244,98,497,468
129,Jackson State,33,12,21,.364,-19.48,-5.96,10,8,7,3,4,15,2318,2764,1330,928,2014,.461,278,800,.348,630,843,.747,443,1330,565,262,136,389,599
130,Jacksonville,32,12,20,.375,-10.72,-5.05,7,11,8,4,3,14,2339,2349,1290,812,1732,.469,210,612,.343,515,733,.703,284,986,406,213,82,331,522
131,Jacksonville State,32,15,17,.469,-3.46,-2.80,10,10,10,7,5,8,2325,2188,1290,726,1776,.409,239,759,.315,497,674,.737,309,1070,365,203,101,361,599
132,James Madison,33,18,15,.545,-4.96,-5.24,9,9,11,4,5,10,2460,2437,1330,822,1929,.426,239,735,.325,554,765,.724,356,1140,371,210,117,287,550
133,Kansas&nbsp;NCAA,33,23,10,.697,21.10,14.86,12,6,14,2,5,6,2496,2290,1330,810,2088,.388,269,877,.307,401,578,.694,409,1208,389,217,104,317,529
134,Kansas City,31,4,27,.129,-19.67,-1.92,1,15,3,11,1,15,2149,2600,1245,951,1968,.483,276,759,.364,422,597,.707,380,1241,497,247,113,370,543
135,Kansas State,32,12,20,.375,8.58,10.86,3,15,10,8,1,10,2546,2619,1280,924,2010,.460,261,775,.337,510,707,.721,388,1195,522,237,132,403,498
136,Kennesaw State&nbsp;NCAA,34,21,13,.618,0.13,-2.00,10,10,13,3,4,8,2834,2586,1370,824,2023,.407,255,768,.332,683,918,.744,384,1203,398,264,142,414,684
137,Kent State,33,24,9,.727,-0.10,-2.45,14,4,14,3,7,5,2808,2628,1345,883,2022,.437,299,873,.342,563,781,.721,353,1128,477,231,104,404,690
138,Kentucky&nbsp;NCAA,34,21,13,.618,19.80,12.86,10,8,14,4,4,6,2746,2510,1360,857,2016,.425,252,797,.316,544,745,.730,375,1171,473,225,109,376,615
139,La Salle,32,9,23,.281,-4.10,4.00,5,13,7,6,1,13,2148,2370,1280,852,1833,.465,281,775,.363,385,559,.689,339,1108,520,212,150,366,548
140,Lafayette,32,11,21,.344,-12.84,-6.58,8,10,6,10,5,11,2222,2381,1285,857,1857,.461,255,716,.356,412,559,.737,303,1145,506,174,114,342,555
Rk,School,G,W,L,W-L%,"Simple Rating SystemA rating that takes into account average point differential and strength of schedule. The rating is denominated in points above/below average, where zero is average. Non-Division I games are excluded from the ratings."" data-over-header=""Overall"" >SRS","Strength of ScheduleA rating of strength of schedule. The rating is denominated in points above/below average, where zero is average. Non-Division I games are excluded from the ratings."" data-over-header=""Overall"" >SOS",W,L,W,L,W,L,Tm.,Opp.,MP,FG,FGA,FG%,3P,3PA,3P%,FT,FTA,FT%,ORB,TRB,AST,STL,BLK,TOV,PF
141,Lamar,31,12,19,.387,-5.73,-3.66,7,15,7,8,5,10,2167,2143,1245,721,1661,.434,215,616,.349,486,708,.686,303,1028,414,234,101,369,478
142,Le Moyne,32,15,17,.469,-10.89,-9.31,10,8,9,4,5,12,2336,2341,1280,807,1925,.419,272,759,.358,455,619,.735,347,1126,443,242,97,345,563
143,Lehigh&nbsp;NCAA,34,18,16,.529,-9.32,-7.04,11,7,13,4,4,11,2490,2515,1405,908,2038,.446,214,657,.326,485,644,.753,371,1218,407,279,91,385,583
144,Liberty,32,25,7,.781,2.47,-1.57,17,3,14,2,10,2,2501,2253,1290,832,1842,.452,258,684,.377,331,464,.713,324,1067,384,170,91,359,501
145,Lindenwood,33,18,15,.545,-9.11,-8.44,11,9,9,5,7,9,2566,2398,1320,856,2020,.424,203,665,.305,483,717,.674,395,1216,408,274,126,468,586
146,Lipscomb,32,19,13,.594,-4.18,-4.78,12,6,13,1,6,11,2549,2423,1285,885,1950,.454,264,780,.338,389,546,.712,341,1154,405,209,99,413,491
147,Little Rock,32,12,20,.375,-12.97,-7.71,9,11,7,6,5,13,2257,2372,1280,843,1888,.447,262,757,.346,424,609,.696,404,1169,444,241,75,417,475
148,Long Beach State,32,10,22,.313,-5.51,0.26,6,14,7,9,3,13,2396,2489,1295,854,1816,.470,218,632,.345,563,750,.751,278,1093,447,213,86,418,540
149,Long Island University&nbsp;NCAA,34,24,10,.706,-4.96,-7.93,15,3,14,1,10,9,2519,2418,1365,874,1964,.445,208,652,.319,462,670,.690,389,1129,430,244,112,440,595
150,Longwood,32,16,16,.500,-8.22,-7.88,8,8,11,4,4,10,2486,2370,1315,813,1802,.451,252,775,.325,492,710,.693,303,1017,405,251,111,472,608
151,Louisiana,33,11,22,.333,-12.03,-5.03,7,11,7,8,3,13,2101,2332,1320,777,1683,.462,217,610,.356,561,771,.728,323,1142,386,165,87,387,499
152,Louisiana State,32,15,17,.469,12.69,9.75,3,15,9,8,3,7,2606,2512,1315,866,1960,.442,263,743,.354,517,741,.698,381,1107,401,215,104,314,607
153,Louisiana Tech,34,20,14,.588,-2.92,-2.98,11,9,14,3,4,10,2375,2210,1375,735,1871,.393,286,876,.326,454,652,.696,368,1124,409,226,127,415,546
154,Louisiana-Monroe,32,4,28,.125,-18.52,-4.86,1,17,3,11,1,15,2318,2685,1290,996,2057,.484,302,846,.357,391,555,.705,394,1276,563,239,128,363,602
155,Louisville&nbsp;NCAA,33,23,10,.697,23.41,10.83,11,7,15,2,4,7,2797,2382,1320,832,1964,.424,251,768,.327,467,656,.712,329,1093,402,216,118,391,585
156,Loyola (IL),33,9,24,.273,-6.13,2.84,4,14,6,10,1,9,2204,2500,1325,845,1926,.439,314,853,.368,496,648,.765,332,1108,518,237,130,282,554
157,Loyola (MD),32,12,20,.375,-13.33,-8.49,8,10,8,6,3,13,2407,2466,1300,891,1891,.471,238,736,.323,446,614,.726,305,1129,494,196,83,342,517
158,Loyola Marymount,32,15,17,.469,1.08,1.50,6,12,10,8,4,7,2376,2306,1295,804,1906,.422,238,703,.339,460,614,.749,360,1142,410,196,79,375,555
159,Maine,32,8,24,.250,-16.91,-9.59,6,10,4,8,4,14,2001,2190,1280,795,1766,.450,193,651,.296,407,592,.688,358,1178,417,200,87,415,548
160,Manhattan,32,12,20,.375,-15.10,-7.90,8,12,7,7,3,12,2369,2526,1295,936,2010,.466,280,768,.365,374,513,.729,411,1224,572,181,124,370,544
Rk,School,G,W,L,W-L%,"Simple Rating SystemA rating that takes into account average point differential and strength of schedule. The rating is denominated in points above/below average, where zero is average. Non-Division I games are excluded from the ratings."" data-over-header=""Overall"" >SRS","Strength of ScheduleA rating of strength of schedule. The rating is denominated in points above/below average, where zero is average. Non-Division I games are excluded from the ratings."" data-over-header=""Overall"" >SOS",W,L,W,L,W,L,Tm.,Opp.,MP,FG,FGA,FG%,3P,3PA,3P%,FT,FTA,FT%,ORB,TRB,AST,STL,BLK,TOV,PF
161,Marist,31,19,12,.613,-3.63,-8.60,12,8,11,4,7,7,2160,1979,1245,684,1698,.403,177,626,.283,434,624,.696,312,1058,315,202,97,398,450
162,Marquette,32,12,20,.375,9.22,9.84,7,13,10,7,2,10,2405,2425,1295,852,1932,.441,250,764,.327,471,619,.761,393,1233,513,221,113,438,544
163,Marshall,32,19,13,.594,-2.83,-4.41,11,7,13,4,6,8,2596,2497,1280,835,1930,.433,258,771,.335,569,785,.725,407,1163,384,227,86,374,541
164,Maryland,33,12,21,.364,4.80,11.68,4,16,7,8,2,10,2300,2527,1325,873,1874,.466,293,807,.363,488,670,.728,314,1101,534,210,116,330,574
165,Maryland-Baltimore County&nbsp;NCAA,32,24,8,.750,-4.40,-11.86,14,2,15,2,9,6,2439,2144,1290,806,1903,.424,217,701,.310,315,467,.675,294,1058,333,173,74,329,491
166,Maryland-Eastern Shore,32,9,23,.281,-17.48,-8.35,5,9,6,4,2,18,2060,2265,1305,754,1726,.437,226,684,.330,531,718,.740,345,1029,416,288,95,384,531
167,Massachusetts,33,17,16,.515,-2.14,-3.23,7,11,11,5,2,8,2648,2562,1350,851,1881,.452,261,806,.324,599,823,.728,283,1057,498,246,99,406,625
168,Massachusetts-Lowell,33,15,18,.455,-14.12,-8.42,9,7,10,4,5,14,2471,2518,1320,940,2030,.463,248,735,.337,390,544,.717,327,1088,446,262,133,329,556
169,McNeese&nbsp;NCAA,33,28,5,.848,7.74,-2.06,19,3,14,0,9,5,2641,2193,1335,708,1741,.407,269,831,.324,508,701,.725,385,1114,399,149,81,559,585
170,Memphis,32,13,19,.406,3.95,5.42,8,10,10,6,3,10,2407,2454,1290,804,1908,.421,252,825,.305,592,809,.732,421,1190,440,260,135,427,582
171,Mercer,32,19,13,.594,-2.87,-5.21,11,7,14,1,5,11,2646,2416,1280,857,1987,.431,281,827,.340,421,562,.749,391,1164,397,197,100,406,604
172,Mercyhurst,34,17,17,.500,-9.86,-9.46,10,8,12,3,5,14,2358,2291,1381,790,1794,.440,197,611,.322,514,745,.690,328,1173,408,173,84,431,517
173,Merrimack,34,23,11,.676,-4.27,-6.33,17,3,11,0,9,8,2330,2260,1375,782,1873,.418,185,611,.303,511,695,.735,464,1299,445,158,127,446,565
174,Miami (FL)&nbsp;NCAA,33,25,8,.758,18.04,7.28,13,5,15,3,8,2,2704,2349,1320,844,1897,.445,275,776,.354,384,551,.697,295,984,458,221,138,420,595
175,Miami (OH)&nbsp;NCAA,32,31,1,.969,5.37,-5.49,18,0,16,0,14,0,2902,2409,1300,869,1994,.436,243,748,.325,428,580,.738,334,1073,407,199,77,412,623
176,Michigan&nbsp;NCAA,34,31,3,.912,32.48,14.86,19,1,14,1,11,0,2952,2353,1366,828,2155,.384,272,901,.302,425,566,.751,377,1060,387,218,112,377,662
177,Michigan State&nbsp;NCAA,32,25,7,.781,23.44,12.91,15,5,15,2,6,4,2526,2189,1290,746,1818,.410,275,836,.329,422,562,.751,254,905,421,209,97,318,599
178,Middle Tennessee,32,17,15,.531,0.23,1.36,11,9,11,4,5,8,2414,2329,1310,820,1859,.441,214,651,.329,475,643,.739,315,1092,385,205,82,354,503
