Rk,School,G,W,L,W-L%,SRS,SOS,W,L,W,L,W,L,Tm.,Opp.,Pace,ORtg,FTr,3PAr,TS%,TRB%,AST%,STL%,BLK%,eFG%,TOV%,ORB%,FT/FGA
2,Air Force,32,3,29,.094,-13.66,4.68,0,20,3,15,0,12,1969,2556,67.4,118.5,.366,.388,.594,55.2,54.2,11.8,11.9,.564,13.1,31.3,.266
3,Akron,34,29,5,.853,9.04,-3.33,17,1,15,0,9,3,3004,2499,71.8,102.4,.288,.441,.530,46.5,51.5,8.7,8.0,.498,16.3,29.3,.208
4,Alabama,32,23,9,.719,22.70,14.45,13,5,12,3,7,3,2935,2671,74.6,111.1,.327,.351,.524,49.6,46.7,8.5,12.1,.492,10.7,32.8,.228
5,Alabama A&M,33,18,15,.545,-12.99,-10.49,10,8,12,5,4,8,2378,2393,67.8,106.6,.384,.367,.544,50.1,56.3,9.0,8.4,.504,14.5,28.8,.278
6,Alabama State,32,10,22,.313,-14.21,-8.14,7,11,5,4,4,15,2341,2473,71.9,107.4,.421,.406,.561,50.0,54.8,10.6,10.5,.519,16.7,30.7,.309
7,Albany (NY),32,11,21,.344,-13.92,-8.09,7,9,6,5,4,13,2303,2332,66.6,109.4,.342,.395,.551,48.5,54.8,10.2,8.5,.516,14.0,30.9,.248
8,Alcorn State,32,9,23,.281,-19.82,-6.54,7,11,5,4,2,18,2141,2566,69.4,115.1,.394,.351,.584,55.1,55.7,10.5,11.1,.550,15.5,35.5,.286
9,American,32,16,16,.500,-6.91,-6.21,9,9,11,6,5,10,2387,2283,67.5,105.8,.407,.371,.566,51.3,53.2,9.2,9.3,.528,17.3,28.9,.295
10,Appalachian State,32,19,13,.594,-3.77,-5.67,11,7,11,4,7,8,2305,2114,64.7,101.7,.304,.412,.499,46.5,50.6,7.8,8.2,.464,12.4,28.4,.214
11,Arizona,34,32,2,.941,29.92,12.57,16,2,16,1,9,1,2929,2339,71.3,96.1,.277,.372,.485,42.7,48.9,8.4,8.3,.450,14.5,26.9,.198
12,Arizona State,33,17,16,.515,10.79,12.79,7,11,10,5,2,9,2519,2585,70.6,111.0,.343,.403,.560,52.2,55.4,10.5,9.6,.524,15.7,34.9,.255
13,Arkansas,34,26,8,.765,22.43,12.57,13,5,17,1,5,5,3058,2723,72.4,109.1,.313,.382,.545,48.9,49.8,6.9,6.7,.514,13.6,31.2,.225
14,Arkansas State,32,20,12,.625,-0.65,-4.39,11,7,11,4,9,7,2655,2471,72.5,105.3,.364,.391,.537,44.7,51.1,12.1,9.7,.503,13.8,27.3,.255
15,Arkansas-Pine Bluff,32,13,19,.406,-14.79,-6.92,10,8,7,4,6,14,2472,2593,72.4,111.6,.424,.373,.566,51.8,54.0,10.5,8.4,.521,14.7,32.7,.316
16,Army,32,11,21,.344,-15.28,-7.14,5,13,6,10,5,10,2309,2471,67.6,112.1,.388,.414,.577,49.6,53.1,10.4,11.1,.539,14.2,27.3,.289
17,Auburn,33,17,16,.515,17.02,13.69,7,11,11,4,2,8,2730,2620,69.2,113.8,.354,.398,.572,47.6,51.3,9.5,12.6,.536,14.1,32.1,.265
18,Austin Peay,31,22,9,.710,-2.25,-6.70,15,3,12,1,9,7,2530,2269,71.0,103.1,.324,.409,.545,49.2,53.1,9.3,8.6,.514,16.9,28.9,.229
19,Ball State,31,12,19,.387,-9.58,-4.27,7,11,7,7,4,11,2093,2154,65.8,104.7,.323,.410,.552,52.5,53.7,8.1,10.5,.514,16.8,29.5,.246
20,Baylor,32,16,16,.500,15.33,11.78,6,12,11,6,3,7,2642,2469,70.0,110.2,.298,.347,.553,46.6,48.7,10.0,8.5,.520,14.0,31.5,.224
Overall,Conf.,Home,Away,Points,Opponent Advanced
Rk,School,G,W,L,W-L%,SRS,SOS,W,L,W,L,W,L,Tm.,Opp.,Pace,ORtg,FTr,3PAr,TS%,TRB%,AST%,STL%,BLK%,eFG%,TOV%,ORB%,FT/FGA
21,Bellarmine,32,13,19,.406,-9.00,-4.64,7,11,9,5,2,13,2561,2614,66.4,122.1,.327,.504,.610,53.5,61.6,9.0,9.1,.584,13.4,33.3,.240
22,Belmont,32,26,6,.813,8.95,-0.41,16,4,13,2,11,3,2684,2347,70.2,103.7,.303,.491,.531,47.8,54.0,9.6,9.3,.493,15.2,28.8,.229
23,Bethune-Cookman,32,17,15,.531,-9.38,-6.45,14,4,10,1,7,11,2412,2462,71.2,106.9,.381,.338,.533,49.9,47.6,11.8,7.1,.494,14.0,31.7,.272
24,Binghamton,31,8,23,.258,-20.67,-10.78,4,12,7,8,1,14,2105,2321,65.1,112.8,.333,.392,.560,51.9,48.3,10.5,8.7,.533,11.9,28.5,.231
25,Boise State,32,20,12,.625,12.04,7.84,12,8,12,4,6,5,2502,2351,67.1,107.1,.315,.371,.556,44.3,45.8,8.6,9.2,.527,12.9,22.9,.224
26,Boston College,31,11,20,.355,3.39,6.65,4,14,10,7,1,10,2090,2191,66.4,104.8,.346,.390,.520,50.6,48.6,9.2,10.0,.489,12.9,28.6,.232
27,Boston University,34,17,17,.500,-8.08,-8.23,10,8,10,5,6,12,2566,2514,63.7,113.1,.303,.407,.562,48.5,49.1,10.8,8.7,.533,11.6,27.7,.220
28,Bowling Green,32,18,14,.563,0.47,-3.57,9,9,10,7,6,6,2602,2290,71.9,99.1,.359,.417,.543,48.1,52.5,9.0,9.1,.507,18.2,25.4,.257
29,Bradley,33,21,12,.636,3.83,0.54,13,7,14,2,4,7,2560,2422,68.4,104.6,.375,.402,.557,51.2,54.0,7.0,8.6,.524,17.4,28.2,.266
30,Brigham Young,34,23,11,.676,21.04,12.45,9,9,12,3,3,6,2853,2561,70.5,106.5,.289,.392,.541,47.2,54.3,8.9,7.9,.512,14.3,29.3,.206
31,Brown,27,9,18,.333,-9.90,-4.66,3,11,6,8,3,10,1900,1892,67.3,102.3,.360,.425,.545,49.5,55.5,11.2,9.1,.502,17.3,28.3,.272
32,Bryant,31,9,22,.290,-18.19,-7.92,5,11,8,5,1,17,2010,2246,65.0,110.2,.325,.356,.547,51.3,50.4,12.2,8.1,.516,12.8,30.6,.232
33,Bucknell,33,10,23,.303,-14.38,-5.44,6,12,6,8,4,12,2223,2518,66.9,112.8,.353,.457,.582,52.7,61.8,11.1,11.5,.547,15.6,31.3,.265
34,Buffalo,32,17,15,.531,-3.52,-3.99,7,11,7,8,8,6,2497,2438,67.4,112.2,.313,.417,.577,51.3,58.8,9.8,8.1,.548,15.5,30.5,.229
35,Butler,32,16,16,.500,10.47,8.63,7,13,10,7,3,8,2540,2481,70.0,109.1,.249,.375,.544,47.6,53.7,9.5,11.9,.519,13.1,30.0,.179
36,Cal Poly,33,14,19,.424,-4.17,-0.20,10,10,8,6,6,11,2710,2805,76.3,111.0,.330,.416,.563,49.7,52.5,9.5,11.4,.532,14.2,30.1,.239
37,Cal State Bakersfield,32,8,24,.250,-12.69,-1.26,2,18,6,11,2,13,2339,2629,73.0,112.6,.426,.384,.571,52.4,53.4,10.3,8.6,.533,15.7,35.0,.307
38,Cal State Fullerton,34,18,16,.529,-1.75,0.12,12,8,10,4,6,10,2822,2778,76.3,107.1,.346,.459,.571,52.0,58.7,8.0,7.9,.535,17.4,28.0,.260
39,Cal State Northridge,34,20,14,.588,-1.96,-1.27,12,8,12,3,7,8,2767,2713,75.6,105.2,.342,.486,.547,46.6,58.5,10.4,9.8,.507,14.9,26.3,.258
40,California,32,21,11,.656,11.67,7.61,9,9,16,4,4,6,2492,2344,69.4,104.7,.370,.415,.527,51.3,55.9,7.5,11.1,.498,14.2,30.1,.244
Overall,Conf.,Home,Away,Points,Opponent Advanced
Rk,School,G,W,L,W-L%,SRS,SOS,W,L,W,L,W,L,Tm.,Opp.,Pace,ORtg,FTr,3PAr,TS%,TRB%,AST%,STL%,BLK%,eFG%,TOV%,ORB%,FT/FGA
41,California Baptist,33,25,8,.758,2.52,-2.93,13,5,15,0,7,7,2410,2230,67.4,99.1,.371,.317,.508,44.9,46.0,10.0,9.6,.464,15.0,27.2,.267
42,Campbell,34,16,18,.471,-2.85,-0.10,8,10,10,4,3,13,2691,2639,70.8,109.7,.356,.296,.565,48.1,49.0,9.8,9.9,.529,15.1,30.6,.262
43,Canisius,31,10,21,.323,-16.98,-7.85,5,15,7,8,3,13,1951,2184,64.5,108.8,.351,.440,.552,50.5,56.1,10.3,9.9,.517,14.3,29.5,.253
44,Central Arkansas,34,22,12,.647,-1.34,-4.66,15,3,14,1,6,10,2749,2541,69.7,105.2,.285,.526,.566,49.1,61.7,9.2,10.4,.539,17.3,26.2,.208
45,Central Connecticut State,30,18,12,.600,-11.33,-9.94,12,6,10,4,8,8,2215,2127,66.0,107.0,.255,.400,.529,49.0,54.5,9.5,6.1,.496,12.3,28.8,.195
46,Central Michigan,31,10,21,.323,-8.48,-2.48,6,12,8,5,1,15,2275,2384,69.3,111.0,.382,.392,.560,51.9,58.4,11.4,8.4,.530,15.1,33.9,.262
47,Charleston Southern,32,15,17,.469,-6.70,-6.66,6,10,10,4,5,11,2670,2563,74.1,105.7,.414,.314,.508,48.4,38.6,10.8,9.7,.461,10.8,29.3,.294
48,Charlotte,34,17,17,.500,-0.20,1.08,9,9,11,6,4,8,2492,2530,64.5,113.3,.356,.406,.546,48.5,50.8,10.2,9.5,.512,11.7,32.3,.253
49,Chattanooga,32,13,19,.406,-10.89,-6.96,7,11,7,8,6,9,2454,2408,68.1,110.5,.407,.438,.538,51.8,52.1,8.3,7.8,.498,11.9,30.3,.287
50,Chicago State,32,7,25,.219,-16.28,-4.93,5,13,5,6,2,19,2105,2434,65.9,114.9,.372,.516,.599,53.8,72.2,8.4,8.5,.566,17.4,34.2,.278
51,Cincinnati,33,18,15,.545,15.50,9.95,9,9,15,3,2,8,2413,2230,69.2,97.3,.300,.399,.508,48.4,54.5,8.3,6.8,.473,16.0,27.3,.213
52,Clemson,34,24,10,.706,16.99,9.57,12,6,13,3,6,5,2521,2269,65.5,101.2,.331,.429,.530,48.6,46.4,8.4,10.3,.489,15.5,25.7,.247
53,Cleveland State,33,11,22,.333,-13.07,-3.04,6,14,7,8,3,13,2633,2836,71.5,120.2,.352,.440,.591,52.6,58.1,9.5,13.3,.557,13.3,35.1,.266
54,Coastal Carolina,32,19,13,.594,-7.52,-5.78,11,7,8,5,10,7,2346,2323,68.9,103.0,.340,.366,.499,48.9,37.7,8.0,7.4,.459,10.6,26.8,.241
55,Colgate,33,18,15,.545,-5.99,-5.38,11,7,9,5,6,10,2522,2462,66.9,109.0,.328,.410,.544,50.0,54.1,8.5,6.1,.511,13.3,29.0,.235
56,College of Charleston,32,21,11,.656,-1.17,-2.59,14,4,11,4,8,4,2413,2348,68.5,106.2,.258,.434,.515,50.0,52.7,9.1,8.5,.488,12.7,32.2,.180
57,Colorado,32,17,15,.531,10.89,10.36,7,11,13,5,2,8,2559,2542,70.1,112.5,.363,.358,.565,50.3,51.0,8.3,8.8,.529,13.4,29.8,.267
58,Colorado State,33,21,12,.636,8.56,5.03,11,9,12,5,6,5,2510,2347,64.6,110.1,.337,.432,.555,47.9,46.8,10.3,8.4,.527,13.5,28.7,.234
59,Columbia,28,16,12,.571,-2.56,-3.95,5,9,9,5,7,7,2146,2007,67.6,105.2,.328,.363,.534,43.8,58.2,10.0,10.2,.495,13.1,25.9,.243
60,Connecticut,34,29,5,.853,22.92,10.53,17,3,15,2,9,2,2635,2214,66.0,97.9,.402,.362,.505,45.8,48.5,8.8,9.7,.457,15.7,28.7,.289
Overall,Conf.,Home,Away,Points,Opponent Advanced
Rk,School,G,W,L,W-L%,SRS,SOS,W,L,W,L,W,L,Tm.,Opp.,Pace,ORtg,FTr,3PAr,TS%,TRB%,AST%,STL%,BLK%,eFG%,TOV%,ORB%,FT/FGA
61,Coppin State,31,7,24,.226,-24.84,-8.11,5,9,3,6,4,15,2032,2493,69.4,115.4,.420,.435,.588,52.3,62.3,12.8,11.7,.549,15.4,34.4,.312
62,Cornell,28,15,13,.536,-1.67,-2.83,8,6,7,4,8,8,2477,2335,72.1,114.6,.355,.384,.578,48.8,56.8,9.4,9.4,.548,13.6,29.5,.255
63,Creighton,32,15,17,.469,10.57,10.47,9,11,10,6,4,8,2404,2401,68.5,109.1,.246,.320,.535,50.4,50.9,10.2,10.6,.511,12.1,29.7,.173
64,Dartmouth,27,11,16,.407,-8.24,-2.92,5,9,5,8,6,8,2047,2071,69.7,109.5,.289,.397,.543,50.3,51.6,10.5,10.2,.514,12.0,28.1,.206
65,Davidson,33,20,13,.606,4.27,2.76,10,8,11,7,7,4,2367,2225,64.5,103.3,.361,.366,.530,50.3,48.6,9.1,9.2,.496,15.6,29.7,.249
66,Dayton,34,23,11,.676,8.85,4.37,12,6,14,3,6,5,2528,2376,68.1,101.5,.357,.410,.543,50.7,51.0,10.2,11.5,.509,18.5,29.2,.253
67,Delaware,31,10,21,.323,-8.65,-2.45,6,14,5,10,4,10,2098,2293,64.2,112.9,.303,.430,.550,53.1,59.8,11.5,10.3,.512,11.9,30.8,.235
68,Delaware State,31,8,23,.258,-22.55,-10.81,2,12,5,7,2,14,1896,2185,66.5,105.1,.386,.351,.561,52.4,55.3,9.9,10.1,.526,17.4,30.2,.275
69,Denver,32,15,17,.469,-5.76,-2.04,8,8,9,5,6,11,2650,2650,69.5,119.2,.354,.373,.582,50.2,42.8,8.5,7.4,.556,11.3,31.7,.247
70,DePaul,32,16,16,.500,7.45,6.76,8,12,11,7,4,7,2248,2226,67.7,102.7,.378,.339,.532,50.8,57.5,10.8,10.7,.493,16.2,31.1,.270
71,Detroit Mercy,32,17,15,.531,-5.62,-3.19,12,8,9,5,7,9,2471,2475,70.0,110.4,.378,.426,.549,47.9,58.0,8.9,7.8,.513,12.8,30.0,.268
72,Drake,34,14,20,.412,-0.93,1.44,6,14,6,11,4,7,2552,2544,68.1,109.1,.308,.442,.544,50.7,55.4,8.8,8.3,.519,13.1,29.0,.209
73,Drexel,33,17,16,.515,-4.73,-4.48,10,8,12,4,4,9,2247,2221,65.7,102.4,.345,.339,.513,49.1,46.8,11.2,9.3,.468,14.3,30.5,.259
74,Duke,34,32,2,.941,31.55,12.41,17,1,15,0,10,1,2798,2147,67.1,94.1,.237,.457,.491,42.2,51.4,9.4,9.3,.462,15.9,24.8,.170
75,Duquesne,33,18,15,.545,3.38,2.34,9,9,12,6,5,7,2584,2481,69.7,106.2,.382,.399,.556,49.1,54.4,10.1,12.5,.518,16.2,29.3,.279
76,East Carolina,31,11,20,.355,-5.73,0.43,6,12,7,10,4,8,2217,2401,69.3,110.5,.318,.389,.552,49.6,54.0,10.3,8.0,.520,14.0,32.3,.230
77,East Tennessee State,34,23,11,.676,-0.64,-7.33,13,5,13,4,8,6,2638,2356,66.9,102.8,.342,.478,.537,48.8,54.7,8.7,7.5,.502,16.5,28.4,.244
78,East Texas A&M,32,11,21,.344,-11.01,-2.05,6,16,6,8,4,13,2246,2385,69.3,107.5,.346,.375,.546,52.8,55.4,10.4,10.6,.516,15.4,32.0,.241
79,Eastern Illinois,33,13,20,.394,-13.46,-5.83,8,12,9,6,3,13,2214,2321,66.6,104.4,.333,.424,.537,51.9,57.7,9.4,11.3,.499,17.0,33.4,.247
80,Eastern Kentucky,32,11,21,.344,-10.18,-4.58,7,11,8,7,3,13,2568,2619,69.8,115.5,.382,.414,.588,49.7,54.0,10.1,8.6,.556,14.2,31.0,.276
Overall,Conf.,Home,Away,Points,Opponent Advanced
Rk,School,G,W,L,W-L%,SRS,SOS,W,L,W,L,W,L,Tm.,Opp.,Pace,ORtg,FTr,3PAr,TS%,TRB%,AST%,STL%,BLK%,eFG%,TOV%,ORB%,FT/FGA
81,Eastern Michigan,31,10,21,.323,-5.71,-1.51,4,14,7,7,3,14,2191,2279,68.4,106.6,.353,.353,.535,50.0,50.9,9.5,9.6,.498,13.8,28.8,.253
82,Eastern Washington,33,14,19,.424,-1.98,-0.48,11,7,8,4,5,13,2576,2606,69.1,113.5,.362,.387,.584,49.7,49.1,10.7,7.8,.548,14.3,30.6,.274
83,Elon,32,14,18,.438,-5.48,-3.01,6,12,8,8,6,9,2500,2492,68.1,112.7,.334,.443,.563,49.9,55.8,9.2,10.6,.534,14.3,32.8,.235
84,Evansville,32,7,25,.219,-8.81,3.69,3,17,5,10,1,12,2143,2447,67.5,112.4,.311,.429,.569,53.3,57.6,11.2,7.1,.537,13.7,29.5,.232
85,Fairfield,34,21,13,.618,-8.06,-9.06,11,9,12,4,7,8,2528,2432,67.6,105.4,.298,.358,.540,47.3,52.2,8.5,10.5,.507,15.0,28.6,.220
86,FDU,32,11,21,.344,-14.99,-7.43,8,10,8,6,3,15,2150,2245,64.5,108.4,.361,.405,.565,47.5,50.3,9.7,9.4,.535,15.0,26.0,.255
87,Florida,33,26,7,.788,27.90,13.11,16,2,14,1,8,2,2864,2376,72.5,99.4,.340,.337,.505,40.5,44.5,9.2,7.2,.463,13.5,24.8,.247
88,Florida A&M,31,15,16,.484,-14.02,-8.95,11,7,8,4,5,11,2183,2312,70.3,105.6,.402,.347,.554,50.1,49.6,12.4,9.3,.509,16.9,30.6,.303
89,Florida Atlantic,33,18,15,.545,3.77,1.93,9,9,11,4,4,8,2596,2453,70.4,104.4,.360,.361,.530,47.2,46.2,10.5,7.4,.490,13.9,27.8,.260
90,Florida Gulf Coast,34,16,18,.471,-6.41,-5.03,8,10,11,6,3,11,2631,2598,69.3,109.1,.379,.455,.563,48.0,52.9,9.1,8.4,.527,14.8,27.4,.276
91,Florida International,32,15,17,.469,-1.82,-0.47,8,12,12,6,3,10,2580,2492,72.8,105.8,.350,.445,.546,49.1,62.0,10.9,8.2,.514,17.5,33.7,.248
92,Florida State,33,18,15,.545,11.66,9.24,10,8,11,6,6,5,2652,2572,71.8,108.5,.327,.449,.552,52.0,55.7,9.4,12.8,.522,16.2,34.1,.232
93,Fordham,32,17,15,.531,0.25,-0.96,8,10,11,7,4,6,2235,2095,65.7,99.3,.295,.429,.520,45.5,61.0,9.0,8.2,.492,15.8,25.1,.202
94,Fresno State,32,13,19,.406,3.50,4.66,7,13,10,8,2,10,2331,2330,69.4,104.9,.287,.444,.539,50.5,51.0,10.6,9.5,.509,15.8,30.3,.208
95,Furman,34,22,12,.647,-3.24,-6.14,10,8,11,5,7,5,2600,2397,66.7,104.6,.284,.423,.523,45.8,47.1,11.3,9.9,.494,12.5,26.4,.199
96,Gardner-Webb,33,4,29,.121,-22.36,-1.86,1,15,3,10,0,16,2248,2820,71.0,120.4,.350,.411,.595,56.2,55.5,11.4,9.8,.567,13.5,35.2,.254
97,George Mason,32,23,9,.719,6.45,1.19,11,7,17,2,4,6,2347,2160,64.9,104.0,.282,.423,.523,47.1,52.3,9.9,9.9,.494,13.7,28.2,.198
98,George Washington,33,18,15,.545,9.05,2.24,8,10,12,4,3,7,2708,2433,70.3,104.4,.343,.428,.551,45.8,59.8,11.2,10.2,.515,16.1,27.5,.251
99,Georgetown,34,16,18,.471,9.22,8.51,6,14,10,7,4,8,2503,2479,67.0,107.6,.339,.412,.536,49.2,54.9,9.2,9.1,.499,13.9,31.5,.246
100,Georgia,32,22,10,.688,19.57,8.91,10,8,14,4,6,4,2874,2533,73.4,106.2,.308,.376,.534,49.5,47.3,9.3,9.6,.501,15.6,34.9,.221
Overall,Conf.,Home,Away,Points,Opponent Advanced
Rk,School,G,W,L,W-L%,SRS,SOS,W,L,W,L,W,L,Tm.,Opp.,Pace,ORtg,FTr,3PAr,TS%,TRB%,AST%,STL%,BLK%,eFG%,TOV%,ORB%,FT/FGA
101,Georgia Southern,37,21,16,.568,-6.48,-6.02,8,10,9,5,7,8,2994,2949,71.3,110.6,.403,.397,.561,53.2,47.1,8.9,8.9,.520,16.1,34.5,.298
102,Georgia State,32,10,22,.313,-11.59,-4.59,7,11,7,7,3,12,2253,2391,69.3,107.5,.353,.388,.536,52.5,52.0,8.6,8.5,.502,14.3,32.5,.246
103,Georgia Tech,31,11,20,.355,3.10,6.74,2,16,10,9,1,9,2287,2400,71.6,107.7,.342,.444,.535,49.7,56.3,11.3,10.8,.499,13.4,30.7,.244
104,Gonzaga,33,30,3,.909,25.11,5.98,16,2,15,0,8,2,2809,2178,70.4,93.4,.310,.437,.499,44.6,52.9,7.5,6.0,.462,17.9,25.9,.221
105,Grambling,33,14,19,.424,-12.21,-9.99,7,11,7,5,4,13,2321,2314,69.9,100.4,.394,.354,.534,50.2,52.0,12.1,12.5,.493,18.4,31.4,.281
106,Grand Canyon,32,20,12,.625,11.03,4.06,13,7,13,4,6,5,2420,2197,69.0,99.1,.390,.382,.521,46.4,50.1,9.3,7.9,.474,15.4,25.3,.285
107,Green Bay,33,18,15,.545,-5.00,-3.04,12,8,10,4,6,9,2469,2470,65.2,114.0,.366,.436,.566,50.1,58.1,9.3,8.9,.529,11.9,28.7,.272
108,Hampton,32,13,19,.406,-8.65,-4.55,7,11,10,2,2,12,2237,2264,66.5,105.6,.442,.335,.541,49.0,50.1,9.2,11.8,.504,15.1,29.6,.300
109,Harvard,29,17,12,.586,-1.61,-4.08,10,4,8,4,9,6,2032,1934,64.0,102.9,.269,.391,.528,49.7,51.5,10.1,7.4,.498,15.0,27.8,.197
110,Hawaii,32,24,8,.750,4.85,-3.59,14,6,16,3,6,5,2548,2231,72.1,96.0,.350,.326,.499,45.5,37.9,10.6,8.2,.460,14.9,25.3,.242
111,High Point,34,30,4,.882,6.76,-7.89,15,1,17,1,7,2,3059,2389,71.8,97.2,.356,.410,.527,48.5,51.9,6.6,9.7,.491,19.8,30.4,.250
112,Hofstra,34,24,10,.706,4.48,-2.46,12,6,10,2,9,8,2571,2246,65.6,100.0,.340,.401,.492,46.3,54.9,7.6,10.2,.450,13.1,29.4,.241
113,Holy Cross,33,11,22,.333,-13.67,-6.80,5,13,6,8,4,14,2251,2418,66.1,110.9,.268,.386,.566,52.3,50.0,9.6,8.7,.539,13.1,26.9,.198
114,Houston,34,28,6,.824,26.23,11.93,14,4,15,1,6,3,2623,2137,64.9,96.5,.390,.409,.508,47.8,53.5,7.0,6.4,.466,18.1,30.9,.273
115,Houston Christian,32,12,20,.375,-9.76,-3.63,8,14,9,5,3,13,2147,2309,65.2,110.3,.299,.374,.564,51.2,52.9,10.7,9.4,.538,15.6,32.1,.213
116,Howard,33,23,10,.697,-4.64,-11.85,11,3,11,4,7,6,2556,2236,69.9,96.5,.407,.345,.514,46.4,45.5,8.5,10.5,.470,18.6,30.7,.288
117,Idaho,35,21,14,.600,-0.05,-2.70,9,9,9,4,7,9,2753,2540,69.6,103.9,.379,.369,.537,46.9,46.6,9.0,8.6,.494,13.8,23.5,.280
118,Idaho State,33,13,20,.394,-5.54,-1.61,5,13,8,6,3,12,2459,2513,66.9,113.4,.360,.374,.578,46.9,48.5,9.8,8.9,.540,13.2,27.0,.274
119,Illinois,32,24,8,.750,26.45,11.89,15,5,14,3,8,2,2700,2234,66.2,103.8,.206,.422,.503,43.3,51.4,8.2,8.5,.476,10.1,27.0,.151
120,Illinois State,32,20,12,.625,6.30,0.85,12,8,13,2,5,7,2404,2190,67.4,101.1,.324,.351,.524,47.5,50.9,8.8,8.4,.494,14.5,25.4,.222
Overall,Conf.,Home,Away,Points,Opponent Advanced
Rk,School,G,W,L,W-L%,SRS,SOS,W,L,W,L,W,L,Tm.,Opp.,Pace,ORtg,FTr,3PAr,TS%,TRB%,AST%,STL%,BLK%,eFG%,TOV%,ORB%,FT/FGA
121,Illinois-Chicago,34,19,15,.559,3.81,0.46,12,8,9,5,7,8,2567,2379,67.2,102.6,.331,.459,.537,47.2,66.1,9.4,10.2,.499,17.3,31.2,.245
122,Incarnate Word,31,12,19,.387,-7.09,-2.51,7,15,9,6,2,12,2302,2285,66.3,111.2,.399,.354,.566,48.7,51.1,9.0,9.2,.530,14.0,30.3,.286
123,Indiana,32,18,14,.563,16.70,10.70,9,11,14,4,3,8,2501,2309,66.6,107.1,.370,.368,.536,50.0,49.0,8.2,10.1,.490,13.1,29.3,.280
124,Indiana State,32,11,21,.344,-2.70,0.70,4,16,8,7,3,12,2354,2383,68.9,106.0,.282,.347,.528,50.6,43.5,11.5,12.7,.502,13.2,30.3,.194
125,Iona,32,18,14,.563,-7.27,-7.99,10,10,11,3,6,8,2363,2340,68.4,104.8,.288,.407,.523,51.2,56.5,10.7,11.1,.489,14.2,31.2,.211
126,Iowa,33,21,12,.636,19.00,9.76,10,10,14,3,3,8,2482,2177,63.4,103.7,.391,.391,.565,49.2,51.0,8.0,8.3,.527,18.6,28.0,.286
127,Iowa State,34,27,7,.794,27.15,10.50,12,6,16,1,5,5,2781,2215,68.2,95.6,.279,.428,.525,46.5,54.5,9.8,9.6,.495,19.8,28.1,.199
128,IU Indy,32,7,25,.219,-12.45,-4.15,3,17,5,9,2,15,2673,2825,76.1,115.5,.464,.353,.613,54.1,52.7,10.0,7.8,.577,17.7,34.7,.343
129,Jackson State,33,12,21,.364,-19.48,-5.96,10,8,7,3,4,15,2318,2764,71.0,117.0,.419,.397,.572,54.2,60.9,11.1,12.4,.530,13.9,37.2,.313
130,Jacksonville,32,12,20,.375,-10.72,-5.05,7,11,8,4,3,14,2339,2349,66.0,110.3,.423,.353,.565,47.6,50.0,10.0,7.2,.529,13.7,28.0,.297
131,Jacksonville State,32,15,17,.469,-3.46,-2.80,10,10,10,7,5,8,2325,2188,66.7,101.8,.380,.427,.522,47.6,50.3,9.4,9.3,.476,14.7,27.2,.280
132,James Madison,33,18,15,.545,-4.96,-5.24,9,9,11,4,5,10,2460,2437,67.0,109.4,.397,.381,.532,48.5,45.1,9.4,10.8,.488,11.1,29.2,.287
133,Kansas,33,23,10,.697,21.10,14.86,12,6,14,2,5,6,2496,2290,68.2,100.9,.277,.420,.485,48.5,48.0,9.6,8.3,.452,11.8,30.1,.192
134,Kansas City,31,4,27,.129,-19.67,-1.92,1,15,3,11,1,15,2149,2600,71.9,116.2,.303,.386,.577,54.5,52.3,11.0,9.5,.553,14.1,35.0,.214
135,Kansas State,32,12,20,.375,8.58,10.86,3,15,10,8,1,10,2546,2619,73.8,110.9,.352,.386,.558,52.3,56.5,10.0,11.0,.525,14.7,33.9,.254
136,Kennesaw State,34,21,13,.618,0.13,-2.00,10,10,13,3,4,8,2834,2586,72.4,104.2,.454,.380,.526,46.7,48.3,10.6,11.9,.470,14.4,30.0,.338
137,Kent State,33,24,9,.727,-0.10,-2.45,14,4,14,3,7,5,2808,2628,72.8,107.4,.386,.432,.549,46.3,54.0,9.4,9.3,.511,14.4,28.7,.278
138,Kentucky,34,21,13,.618,19.80,12.86,10,8,14,4,4,6,2746,2510,69.8,105.8,.370,.395,.530,47.9,55.2,9.5,8.7,.488,13.7,30.1,.270
139,La Salle,32,9,23,.281,-4.10,4.00,5,13,7,6,1,13,2148,2370,66.5,111.3,.305,.423,.565,49.7,61.0,10.0,12.0,.541,14.9,31.7,.210
140,Lafayette,32,11,21,.344,-12.84,-6.58,8,10,6,10,5,11,2222,2381,67.2,110.3,.301,.386,.561,52.0,59.0,8.1,10.3,.530,13.9,28.5,.222
Overall,Conf.,Home,Away,Points,Opponent Advanced
Rk,School,G,W,L,W-L%,SRS,SOS,W,L,W,L,W,L,Tm.,Opp.,Pace,ORtg,FTr,3PAr,TS%,TRB%,AST%,STL%,BLK%,eFG%,TOV%,ORB%,FT/FGA
141,Lamar,31,12,19,.387,-5.73,-3.66,7,15,7,8,5,10,2167,2143,66.3,103.8,.426,.371,.536,47.1,57.4,11.3,8.3,.499,15.6,28.9,.293
142,Le Moyne,32,15,17,.469,-10.89,-9.31,10,8,9,4,5,12,2336,2341,69.4,105.4,.322,.394,.527,50.2,54.9,10.9,9.3,.490,13.5,28.9,.236
143,Lehigh,34,18,16,.529,-9.32,-7.04,11,7,13,4,4,11,2490,2515,67.1,106.8,.316,.322,.536,52.9,44.8,11.8,7.8,.498,14.1,31.1,.238
144,Liberty,32,25,7,.781,2.47,-1.57,17,3,14,2,10,2,2501,2253,65.0,107.6,.252,.371,.546,53.4,46.2,8.1,10.3,.522,14.8,30.2,.180
145,Lindenwood,33,18,15,.545,-9.11,-8.44,11,9,9,5,7,9,2566,2398,73.7,98.6,.355,.329,.508,48.4,47.7,11.3,8.9,.474,16.5,31.1,.239
146,Lipscomb,32,19,13,.594,-4.18,-4.78,12,6,13,1,6,11,2549,2423,70.9,106.4,.280,.400,.548,51.0,45.8,9.2,9.7,.522,15.7,29.7,.199
147,Little Rock,32,12,20,.375,-12.97,-7.71,9,11,7,6,5,13,2257,2372,68.5,108.2,.323,.401,.545,51.9,52.7,11.0,5.7,.516,16.1,35.9,.225
148,Long Beach State,32,10,22,.313,-5.51,0.26,6,14,7,9,3,13,2396,2489,71.3,107.8,.413,.348,.573,50.7,52.3,9.2,6.8,.530,16.1,26.7,.310
149,Long Island University,34,24,10,.706,-4.96,-7.93,15,3,14,1,10,9,2519,2418,68.1,104.0,.341,.332,.530,48.7,49.2,10.5,8.1,.498,16.2,32.6,.235
150,Longwood,32,16,16,.500,-8.22,-7.88,8,8,11,4,4,10,2486,2370,70.2,103.0,.394,.430,.554,46.1,49.8,10.9,8.9,.521,18.1,27.5,.273
151,Louisiana,33,11,22,.333,-12.03,-5.03,7,11,7,8,3,13,2101,2332,64.1,110.2,.458,.362,.569,53.3,49.7,7.8,8.0,.526,15.9,32.3,.333
152,Louisiana State,32,15,17,.469,12.69,9.75,3,15,9,8,3,7,2606,2512,68.6,111.3,.378,.379,.543,48.4,46.3,9.5,8.3,.509,12.0,31.7,.264
153,Louisiana Tech,34,20,14,.588,-2.92,-2.98,11,9,14,3,4,10,2375,2210,65.1,98.7,.348,.468,.507,46.2,55.6,10.1,9.7,.469,16.0,30.0,.243
154,Louisiana-Monroe,32,4,28,.125,-18.52,-4.86,1,17,3,11,1,15,2318,2685,71.1,117.1,.270,.411,.579,55.2,56.5,10.4,11.8,.558,13.5,34.8,.190
155,Louisville,33,23,10,.697,23.41,10.83,11,7,15,2,4,7,2797,2382,71.0,101.7,.334,.391,.523,46.3,48.3,9.2,12.4,.488,14.7,26.9,.238
156,Loyola (IL),33,9,24,.273,-6.13,2.84,4,14,6,10,1,9,2204,2500,65.9,114.6,.336,.443,.560,49.6,61.3,10.9,13.9,.520,11.2,29.7,.258
157,Loyola (MD),32,12,20,.375,-13.33,-8.49,8,10,8,6,3,13,2407,2466,68.5,110.7,.325,.389,.565,50.1,55.4,8.8,8.1,.534,13.5,28.0,.236
158,Loyola Marymount,32,15,17,.469,1.08,1.50,6,12,10,8,4,7,2376,2306,68.6,103.8,.322,.369,.525,51.2,51.0,8.8,7.1,.484,14.6,31.1,.241
159,Maine,32,8,24,.250,-16.91,-9.59,6,10,4,8,4,14,2001,2190,65.4,104.6,.335,.369,.535,56.8,52.5,9.6,8.7,.505,16.9,34.0,.230
160,Manhattan,32,12,20,.375,-15.10,-7.90,8,12,7,7,3,12,2369,2526,68.3,114.2,.255,.382,.560,53.6,61.1,8.2,10.4,.535,14.1,36.3,.186
Overall,Conf.,Home,Away,Points,Opponent Advanced
Rk,School,G,W,L,W-L%,SRS,SOS,W,L,W,L,W,L,Tm.,Opp.,Pace,ORtg,FTr,3PAr,TS%,TRB%,AST%,STL%,BLK%,eFG%,TOV%,ORB%,FT/FGA
161,Marist,31,19,12,.613,-3.63,-8.60,12,8,11,4,7,7,2160,1979,66.5,95.6,.367,.369,.496,48.8,46.1,9.8,8.2,.455,16.6,28.0,.256
162,Marquette,32,12,20,.375,9.22,9.84,7,13,10,7,2,10,2405,2425,70.1,106.9,.320,.395,.545,53.0,60.2,9.7,10.0,.506,16.4,34.7,.244
163,Marshall,32,19,13,.594,-2.83,-4.41,11,7,13,4,6,8,2596,2497,70.7,110.3,.407,.399,.542,49.7,46.0,10.0,7.8,.499,14.0,33.3,.295
164,Maryland,33,12,21,.364,4.80,11.68,4,16,7,8,2,10,2300,2527,66.7,114.4,.358,.431,.576,48.5,61.2,9.5,11.6,.544,13.1,29.1,.260
165,Maryland-Baltimore County,32,24,8,.750,-4.40,-11.86,14,2,15,2,9,6,2439,2144,66.9,99.3,.245,.368,.505,48.2,41.3,8.0,6.7,.481,13.4,25.2,.166
166,Maryland-Eastern Shore,32,9,23,.281,-17.48,-8.35,5,9,6,4,2,18,2060,2265,64.9,107.0,.416,.396,.548,49.7,55.2,13.6,8.3,.502,15.7,32.9,.308
167,Massachusetts,33,17,16,.515,-2.14,-3.23,7,11,11,5,2,8,2648,2562,71.1,106.7,.438,.428,.564,46.1,58.5,10.2,7.6,.522,15.2,25.3,.318
168,Massachusetts-Lowell,33,15,18,.455,-14.12,-8.42,9,7,10,4,5,14,2471,2518,69.4,109.9,.268,.362,.550,46.8,47.4,11.4,9.8,.524,12.6,28.3,.192
169,McNeese,33,28,5,.848,7.74,-2.06,19,3,14,0,9,5,2641,2193,67.3,97.7,.403,.477,.529,48.9,56.4,6.6,6.3,.484,21.2,34.1,.292
170,Memphis,32,13,19,.406,3.95,5.42,8,10,10,6,3,10,2407,2454,71.4,106.6,.424,.432,.535,50.2,54.7,11.3,10.4,.487,15.7,35.6,.310
171,Mercer,32,19,13,.594,-2.87,-5.21,11,7,14,1,5,11,2646,2416,70.9,106.5,.283,.416,.536,49.2,46.3,8.7,8.5,.502,15.3,32.5,.212
172,Mercyhurst,34,17,17,.500,-9.86,-9.46,10,8,12,3,5,14,2358,2291,65.0,102.2,.415,.341,.533,51.4,51.6,7.7,6.2,.495,16.7,29.0,.287
173,Merrimack,34,23,11,.676,-4.27,-6.33,17,3,11,0,9,8,2330,2260,63.7,103.2,.371,.326,.513,57.1,56.9,7.2,13.0,.467,16.8,39.9,.273
174,Miami (FL),33,25,8,.758,18.04,7.28,13,5,15,3,8,2,2704,2349,69.3,102.7,.290,.409,.544,44.4,54.3,9.7,10.2,.517,16.3,26.3,.202
175,Miami (OH),32,31,1,.969,5.37,-5.49,18,0,16,0,14,0,2902,2409,72.1,102.8,.291,.375,.531,48.6,46.8,8.5,7.3,.497,15.4,27.7,.215
176,Michigan,34,31,3,.912,32.48,14.86,19,1,14,1,11,0,2952,2353,71.3,96.7,.263,.418,.485,43.8,46.7,9.0,9.4,.447,13.5,27.7,.197
177,Michigan State,32,25,7,.781,23.44,12.91,15,5,15,2,6,4,2526,2189,66.8,101.7,.309,.460,.525,41.5,56.4,9.7,8.1,.486,13.2,22.6,.232
178,Middle Tennessee,32,17,15,.531,0.23,1.36,11,9,11,4,5,8,2414,2329,67.3,105.7,.346,.350,.538,48.5,47.0,9.3,8.0,.499,14.1,28.2,.256
179,Milwaukee,32,12,20,.375,-7.52,-2.26,8,12,8,6,3,14,2440,2548,69.5,114.6,.364,.406,.586,48.7,56.2,8.2,9.3,.554,14.1,28.5,.266
180,Minnesota,32,15,17,.469,10.45,8.95,8,12,13,4,2,9,2241,2193,63.0,107.5,.273,.417,.547,51.1,61.4,8.8,12.0,.519,14.8,29.8,.198
Overall,Conf.,Home,Away,Points,Opponent Advanced
Rk,School,G,W,L,W-L%,SRS,SOS,W,L,W,L,W,L,Tm.,Opp.,Pace,ORtg,FTr,3PAr,TS%,TRB%,AST%,STL%,BLK%,eFG%,TOV%,ORB%,FT/FGA
181,Mississippi,35,15,20,.429,11.13,11.36,4,14,7,9,3,7,2656,2664,68.3,109.5,.412,.426,.546,52.0,57.4,8.6,7.9,.505,14.1,32.6,.296
182,Mississippi State,32,13,19,.406,7.27,11.46,5,13,8,8,4,6,2484,2618,71.5,113.2,.323,.395,.547,50.2,52.1,9.5,11.0,.509,11.0,30.7,.243
183,Mississippi Valley State,33,3,30,.091,-28.36,-7.89,2,16,2,9,1,18,2120,2739,70.0,117.8,.501,.423,.597,54.7,59.4,12.3,8.9,.551,15.0,35.0,.377
184,Missouri,32,20,12,.625,13.08,8.77,10,8,15,3,5,7,2549,2411,68.4,109.4,.351,.431,.553,47.4,51.8,9.5,9.8,.514,14.3,31.4,.262
185,Missouri State,34,16,18,.471,-2.67,-1.41,8,12,11,7,3,10,2551,2502,66.9,108.4,.384,.352,.549,49.4,49.4,9.7,13.0,.513,14.6,31.2,.273
186,Monmouth,34,19,15,.559,-2.11,-3.14,11,7,10,4,6,9,2471,2409,67.5,103.8,.318,.385,.534,50.3,50.6,9.2,8.6,.499,17.1,32.1,.231
187,Montana,34,18,16,.529,-2.33,-0.47,10,8,11,6,5,9,2627,2535,71.2,104.8,.317,.385,.524,49.6,48.1,10.9,8.5,.491,12.7,27.3,.224
188,Montana State,32,18,14,.563,1.09,-1.05,12,6,11,2,6,11,2493,2285,67.6,104.9,.277,.340,.541,49.7,43.1,7.8,7.3,.506,14.5,27.2,.211
189,Morehead State,33,20,13,.606,-11.13,-7.56,15,5,11,2,7,10,2484,2466,67.4,110.0,.338,.390,.537,48.4,55.5,10.1,8.6,.503,13.6,34.2,.240
190,Morgan State,30,14,16,.467,-19.26,-10.93,10,4,9,6,5,9,2258,2347,71.3,109.3,.500,.320,.551,51.3,55.9,9.2,9.5,.510,14.6,33.3,.344
191,Mount St. Mary's,32,15,17,.469,-10.35,-7.22,11,9,8,5,7,11,2178,2244,67.7,103.2,.365,.450,.518,47.4,53.7,12.6,8.4,.470,13.9,29.3,.276
192,Murray State,32,20,12,.625,3.90,0.49,12,8,12,3,5,6,2667,2558,72.3,110.6,.329,.273,.554,49.0,43.7,9.4,8.2,.523,13.8,31.3,.235
193,Navy,33,26,7,.788,-0.87,-9.90,17,1,15,2,10,4,2465,2105,65.2,96.7,.254,.462,.507,45.5,52.4,9.3,7.4,.474,16.4,26.1,.189
194,NC State,33,20,13,.606,18.02,10.83,10,8,11,6,6,4,2762,2525,69.5,108.8,.365,.453,.561,50.7,49.4,7.3,9.3,.530,15.8,30.3,.255
195,Nebraska,32,26,6,.813,21.54,10.48,15,5,16,2,7,3,2473,2119,67.3,97.7,.248,.493,.508,49.8,60.5,7.5,9.3,.478,16.6,27.7,.180
196,Nevada,34,22,12,.647,10.17,5.81,12,8,15,2,4,8,2582,2434,66.8,105.6,.403,.424,.549,47.9,55.5,8.7,9.5,.510,15.3,27.2,.286
197,Nevada-Las Vegas,33,17,16,.515,5.63,6.10,11,9,10,6,6,6,2620,2593,70.7,110.0,.451,.368,.564,49.8,56.4,8.9,7.9,.521,15.5,31.3,.328
198,New Hampshire,30,9,21,.300,-16.98,-7.26,5,11,8,5,1,16,2076,2238,67.7,107.5,.357,.365,.559,51.1,48.0,8.7,11.0,.522,14.4,25.9,.263
199,New Haven,31,14,17,.452,-13.65,-7.69,9,9,9,6,5,11,2013,2055,64.2,103.2,.275,.379,.542,51.3,48.0,8.9,7.2,.509,15.7,26.0,.208
200,New Mexico,33,23,10,.697,13.52,5.05,13,7,14,3,7,5,2658,2337,70.6,100.4,.350,.478,.532,48.3,54.4,8.7,8.6,.492,17.0,27.2,.256
Overall,Conf.,Home,Away,Points,Opponent Advanced
Rk,School,G,W,L,W-L%,SRS,SOS,W,L,W,L,W,L,Tm.,Opp.,Pace,ORtg,FTr,3PAr,TS%,TRB%,AST%,STL%,BLK%,eFG%,TOV%,ORB%,FT/FGA
201,New Mexico State,32,16,16,.500,-1.29,-1.35,8,12,10,5,3,8,2403,2303,68.1,104.5,.436,.419,.524,48.5,47.8,8.8,8.9,.476,13.9,29.9,.314
202,New Orleans,33,15,18,.455,-3.96,-0.81,12,10,5,6,9,11,2459,2563,69.7,110.7,.395,.402,.532,48.4,60.3,11.1,9.7,.490,12.5,34.5,.284
203,Niagara,30,8,22,.267,-16.27,-7.85,5,15,6,7,2,14,1916,2137,63.1,112.4,.332,.404,.567,53.5,52.4,10.5,9.3,.527,14.5,32.5,.258
204,Nicholls State,33,14,19,.424,-6.77,-2.05,12,10,6,6,7,12,2388,2471,68.7,109.0,.369,.385,.581,53.5,56.1,9.1,9.9,.539,18.3,33.2,.288
205,NJIT,33,16,17,.485,-15.76,-8.26,10,6,8,6,8,11,2212,2417,68.3,107.2,.373,.406,.534,52.4,52.5,9.4,9.0,.499,14.3,31.7,.259
206,Norfolk State,32,15,17,.469,-13.57,-10.53,8,6,9,4,5,10,2445,2362,70.1,105.2,.436,.425,.553,48.6,57.9,10.0,9.5,.511,17.0,30.4,.314
207,North Alabama,30,9,21,.300,-15.65,-5.51,4,14,5,8,4,12,2082,2328,65.9,116.7,.299,.433,.583,50.5,55.7,10.9,9.5,.552,13.0,31.3,.228
208,North Carolina,32,24,8,.750,19.39,10.92,12,6,18,0,4,6,2553,2282,68.8,103.7,.238,.369,.508,47.4,48.1,8.4,9.0,.482,11.8,28.1,.167
209,North Carolina A&T,30,11,19,.367,-9.56,-4.96,4,14,6,6,4,11,2252,2335,69.6,111.4,.370,.380,.554,47.2,57.4,9.7,7.9,.523,12.4,28.1,.256
210,North Carolina Central,32,14,18,.438,-18.15,-8.50,8,6,8,5,4,12,2299,2415,68.2,110.2,.377,.406,.565,53.9,57.4,9.1,11.3,.531,18.2,38.4,.269
211,North Dakota,35,18,17,.514,-8.93,-3.52,10,6,9,7,7,8,2680,2705,69.6,110.2,.431,.428,.587,52.2,59.0,7.4,8.5,.556,17.9,30.8,.303
212,North Dakota State,34,27,7,.794,2.50,-5.79,14,2,13,1,10,5,2745,2366,68.5,100.1,.279,.441,.543,46.5,54.2,9.3,8.5,.511,17.6,25.2,.207
213,North Florida,32,7,25,.219,-15.41,-2.98,5,13,5,8,2,14,2547,2821,72.5,121.1,.306,.391,.580,54.8,51.6,10.8,11.9,.557,11.7,37.1,.215
214,North Texas,33,19,14,.576,2.08,1.14,9,9,12,5,5,7,2341,2225,66.5,99.1,.443,.386,.527,50.0,49.3,9.3,10.9,.481,19.1,32.3,.315
215,Northeastern,31,7,24,.226,-8.88,-2.82,2,16,2,10,3,13,2322,2510,69.6,115.8,.419,.352,.600,52.5,50.2,9.3,9.5,.564,14.8,30.2,.309
216,Northern Arizona,32,10,22,.313,-10.73,-1.22,4,14,9,7,1,13,2282,2445,66.6,114.8,.315,.396,.585,54.2,49.6,8.5,8.3,.558,15.1,32.2,.229
217,Northern Colorado,32,20,12,.625,0.30,-2.46,10,8,11,3,8,7,2640,2449,70.0,107.6,.366,.350,.543,46.6,37.0,8.5,7.0,.498,11.7,23.7,.278
218,Northern Illinois,30,9,21,.300,-14.77,-2.24,4,14,6,7,3,14,2086,2334,69.7,111.6,.367,.387,.581,49.4,53.6,11.6,13.9,.549,14.8,28.9,.267
219,Northern Iowa,35,23,12,.657,8.49,1.49,11,9,12,5,6,6,2447,2144,63.7,95.5,.287,.417,.501,50.8,49.3,9.0,7.9,.466,16.3,26.1,.206
220,Northern Kentucky,34,20,14,.588,-2.45,-4.67,10,10,12,5,7,8,2827,2634,71.8,107.1,.351,.388,.559,49.6,51.8,8.9,7.2,.527,16.6,31.3,.250
Overall,Conf.,Home,Away,Points,Opponent Advanced
Rk,School,G,W,L,W-L%,SRS,SOS,W,L,W,L,W,L,Tm.,Opp.,Pace,ORtg,FTr,3PAr,TS%,TRB%,AST%,STL%,BLK%,eFG%,TOV%,ORB%,FT/FGA
221,Northwestern,34,15,19,.441,12.61,11.43,5,15,9,7,3,8,2487,2447,65.3,109.8,.348,.402,.548,53.2,63.8,7.3,6.4,.510,14.9,34.7,.258
222,Northwestern State,32,10,22,.313,-9.31,-2.47,8,14,8,6,2,15,2185,2317,65.7,109.8,.356,.378,.556,52.2,52.0,10.4,9.4,.526,14.8,32.0,.248
223,Notre Dame,31,13,18,.419,9.05,9.93,4,14,10,7,2,9,2308,2335,66.7,111.2,.362,.474,.558,47.9,55.4,9.1,8.8,.518,12.3,26.7,.272
224,Oakland,32,16,16,.500,-1.35,-0.12,12,8,7,6,8,9,2642,2614,71.4,114.5,.243,.416,.565,51.0,65.7,7.7,11.4,.542,13.4,34.1,.176
225,Ohio,32,15,17,.469,-4.65,-1.35,9,9,10,6,4,8,2492,2515,70.4,110.7,.374,.344,.560,51.8,48.6,8.5,7.2,.524,14.4,32.1,.272
226,Ohio State,33,21,12,.636,19.06,12.06,12,8,14,3,5,6,2633,2402,66.5,108.2,.351,.403,.543,48.4,53.4,8.1,8.8,.503,13.7,30.0,.261
227,Oklahoma,34,19,15,.559,15.02,9.37,7,11,11,5,4,7,2813,2621,68.4,111.9,.340,.397,.550,49.3,50.7,8.2,10.0,.512,13.1,33.0,.254
228,Oklahoma State,33,19,14,.576,11.93,10.57,6,12,14,5,2,7,2781,2736,74.0,110.7,.325,.427,.558,49.4,57.1,9.1,10.3,.529,13.9,30.7,.231
229,Old Dominion,33,12,21,.364,-7.19,-4.19,7,11,7,6,4,14,2514,2570,70.4,109.8,.416,.363,.547,51.6,51.4,9.1,10.9,.502,12.7,29.9,.308
230,Omaha,33,16,17,.485,-7.25,-3.49,8,8,10,4,5,10,2507,2522,68.7,110.8,.315,.468,.554,49.7,53.5,9.1,9.7,.522,12.6,27.9,.230
231,Oral Roberts,33,10,23,.303,-10.11,-2.21,4,12,7,8,1,13,2420,2558,69.8,110.2,.385,.369,.552,50.4,45.9,10.9,10.0,.519,13.5,30.7,.268
232,Oregon,32,12,20,.375,8.95,12.04,5,15,10,7,2,8,2267,2366,66.5,110.8,.320,.421,.551,50.1,52.9,10.3,9.5,.509,13.5,32.3,.252
233,Oregon State,33,17,16,.515,0.78,3.81,9,9,12,5,4,7,2347,2447,66.2,110.3,.351,.415,.543,51.8,55.7,10.7,9.3,.503,13.1,32.1,.260
234,Pacific,33,18,15,.545,4.34,2.83,8,10,11,3,4,11,2399,2271,65.9,104.0,.361,.425,.531,43.8,49.8,9.8,10.1,.495,13.7,24.7,.254
235,Penn State,32,12,20,.375,3.98,9.64,3,17,9,8,2,9,2358,2539,67.5,117.6,.275,.434,.610,53.3,60.4,8.6,9.8,.584,15.5,31.1,.211
236,Pennsylvania,29,18,11,.621,-0.50,-1.72,9,5,12,2,4,8,2207,2126,69.4,104.8,.276,.395,.536,49.8,54.0,8.8,9.6,.514,15.5,30.1,.185
237,Pepperdine,32,9,23,.281,-5.86,3.44,4,14,7,10,2,11,2312,2546,69.5,113.6,.283,.407,.568,51.4,55.6,10.9,10.2,.542,14.1,33.5,.205
238,Pittsburgh,33,13,20,.394,8.58,9.88,5,13,8,10,3,8,2327,2370,64.5,110.4,.309,.410,.569,48.1,51.8,9.5,9.2,.534,14.3,28.1,.238
239,Portland,34,15,19,.441,-2.08,3.95,6,12,12,6,1,12,2530,2669,70.5,110.6,.321,.464,.561,50.2,66.8,10.5,6.2,.527,14.7,31.4,.240
240,Portland State,31,20,11,.645,0.06,-2.66,13,5,11,3,8,7,2376,2179,69.6,100.2,.421,.400,.531,47.0,52.7,9.1,6.9,.482,16.2,25.7,.312
Overall,Conf.,Home,Away,Points,Opponent Advanced
Rk,School,G,W,L,W-L%,SRS,SOS,W,L,W,L,W,L,Tm.,Opp.,Pace,ORtg,FTr,3PAr,TS%,TRB%,AST%,STL%,BLK%,eFG%,TOV%,ORB%,FT/FGA
241,Prairie View A&M,35,18,17,.514,-12.74,-9.93,9,9,10,3,3,13,2761,2662,73.8,102.6,.416,.346,.538,52.6,48.1,8.8,7.8,.495,17.8,33.3,.300
242,Presbyterian,33,15,18,.455,-8.31,-5.21,7,9,10,4,3,13,2388,2382,66.7,106.9,.372,.360,.540,47.1,48.6,10.3,8.1,.506,13.9,29.3,.257
243,Princeton,29,9,20,.310,-6.92,-1.95,5,9,8,4,1,12,1989,2087,64.7,110.3,.334,.417,.550,50.2,50.1,10.1,10.2,.516,12.5,28.1,.242
244,Providence,33,15,18,.455,10.84,9.53,7,13,10,6,3,8,2815,2772,72.3,113.2,.327,.385,.547,48.3,54.7,10.4,8.6,.514,11.2,30.8,.236
245,Purdue,35,27,8,.771,25.64,14.13,13,7,12,5,8,3,2858,2455,65.3,107.1,.260,.450,.549,44.5,57.5,7.8,6.6,.523,13.8,26.4,.187
246,Purdue Fort Wayne,32,17,15,.531,-7.27,-2.72,11,9,11,4,6,11,2499,2467,70.2,109.8,.273,.438,.575,54.8,55.1,7.1,8.2,.546,17.1,32.8,.208
247,Queens (NC),34,21,13,.618,-3.30,-4.97,13,5,12,2,6,10,2886,2820,71.0,116.0,.387,.393,.572,51.1,47.6,9.1,9.1,.536,13.1,33.2,.283
248,Quinnipiac,32,19,13,.594,-5.48,-7.03,12,8,10,5,9,7,2411,2303,70.0,102.1,.301,.357,.521,48.8,52.4,9.2,11.1,.486,15.1,31.3,.220
249,Radford,32,16,16,.500,-7.12,-6.19,9,7,12,5,4,8,2604,2523,72.3,107.4,.380,.379,.558,50.7,53.5,9.9,9.6,.522,16.5,31.5,.274
250,Rhode Island,32,16,16,.500,2.43,0.74,7,11,10,6,4,7,2236,2182,66.0,102.5,.426,.415,.544,50.8,54.1,11.9,10.2,.504,18.3,31.8,.300
251,Rice,31,13,18,.419,-4.48,0.28,7,11,8,8,4,9,2291,2311,67.2,109.2,.387,.364,.540,49.1,47.1,11.1,10.4,.498,14.0,33.2,.282
252,Richmond,32,15,17,.469,2.26,0.29,5,13,11,7,3,8,2455,2366,68.6,107.3,.358,.458,.551,52.3,47.9,7.7,7.6,.516,15.5,30.4,.256
253,Rider,29,4,25,.138,-19.14,-5.00,3,17,4,9,0,16,1840,2204,65.9,115.3,.325,.401,.570,51.2,54.1,9.9,8.0,.541,13.3,33.1,.232
254,Robert Morris,33,22,11,.667,-1.29,-4.71,13,7,14,3,8,7,2555,2379,66.4,106.6,.395,.365,.544,44.8,52.2,10.5,9.3,.496,14.5,28.2,.301
255,Rutgers,33,14,19,.424,4.91,9.46,6,14,10,7,2,9,2329,2479,66.5,111.7,.314,.390,.564,52.4,58.5,8.4,9.8,.530,14.7,33.1,.236
256,Sacramento State,31,10,21,.323,-7.79,-0.08,6,12,10,4,0,16,2408,2542,72.9,112.0,.348,.435,.566,53.7,58.3,9.2,8.3,.533,14.6,32.0,.253
257,Sacred Heart,33,14,19,.424,-11.27,-8.05,9,11,8,5,5,13,2482,2528,68.4,111.6,.268,.435,.555,50.3,60.0,10.1,9.0,.532,13.0,30.6,.187
258,Saint Francis (PA),31,7,24,.226,-18.86,-5.83,5,13,5,8,2,14,2216,2510,70.3,114.7,.366,.405,.594,52.7,55.6,9.3,10.3,.566,15.8,31.8,.261
259,Saint Joseph's,33,22,11,.667,2.65,0.98,13,5,13,3,6,7,2419,2306,68.3,101.9,.256,.401,.498,48.0,51.9,10.0,11.1,.470,12.8,30.4,.175
260,Saint Louis,33,28,5,.848,17.27,1.52,15,3,19,0,7,3,2879,2294,72.0,96.5,.369,.415,.489,44.8,51.5,10.2,10.4,.440,14.1,26.5,.269
Overall,Conf.,Home,Away,Points,Opponent Advanced
Rk,School,G,W,L,W-L%,SRS,SOS,W,L,W,L,W,L,Tm.,Opp.,Pace,ORtg,FTr,3PAr,TS%,TRB%,AST%,STL%,BLK%,eFG%,TOV%,ORB%,FT/FGA
261,Saint Mary's,32,27,5,.844,17.87,5.54,16,2,17,0,8,2,2502,2066,66.5,97.1,.258,.365,.494,41.9,52.7,8.0,9.1,.462,13.6,23.7,.186
262,Saint Peter's,29,17,12,.586,-7.45,-7.59,14,6,13,1,4,10,2054,1984,65.9,103.0,.460,.354,.533,49.2,53.7,9.2,9.8,.478,17.6,34.2,.343
263,Sam Houston,33,22,11,.667,3.57,-0.43,13,7,13,1,6,9,2714,2447,71.1,104.3,.352,.422,.525,45.5,50.2,9.1,7.9,.490,14.1,29.1,.246
264,Samford,32,18,14,.563,-5.26,-6.09,11,7,11,3,6,9,2525,2409,68.7,108.3,.314,.359,.542,49.4,46.1,7.6,9.8,.507,11.7,25.2,.233
265,San Diego,33,12,21,.364,-3.48,2.56,5,13,9,8,2,11,2458,2570,69.3,111.1,.372,.400,.573,53.0,57.1,10.2,9.6,.538,16.4,33.7,.273
266,San Diego State,33,22,11,.667,13.62,8.12,14,6,14,2,5,5,2580,2342,69.5,100.2,.384,.474,.524,49.0,58.1,9.5,6.1,.479,17.4,30.6,.279
267,San Francisco,33,17,16,.515,4.39,4.23,8,10,9,6,4,7,2464,2414,67.1,108.2,.294,.356,.538,48.2,52.6,9.2,8.8,.504,12.6,28.4,.218
268,San Jose State,33,9,24,.273,-1.99,6.41,3,17,6,10,1,12,2376,2591,66.0,118.5,.350,.392,.601,53.9,57.4,8.2,8.1,.564,14.9,35.4,.274
269,Santa Clara,34,26,8,.765,15.88,6.06,15,3,14,1,8,3,2817,2463,69.7,104.0,.376,.383,.553,48.2,60.8,9.2,8.3,.513,17.7,31.9,.276
270,Seattle,33,20,13,.606,4.42,2.71,8,10,13,4,5,7,2373,2211,69.0,96.7,.322,.376,.517,52.1,54.3,9.7,9.0,.477,18.6,30.5,.238
271,Seton Hall,33,21,12,.636,13.45,8.45,10,10,12,5,6,5,2321,2156,66.5,98.3,.421,.422,.519,48.3,58.3,9.4,8.7,.473,18.5,31.9,.300
272,Siena,34,23,11,.676,-4.34,-9.19,13,7,9,4,9,7,2398,2233,64.3,101.8,.272,.393,.518,47.9,48.3,10.3,9.6,.486,14.8,29.0,.197
273,South Alabama,32,21,11,.656,-4.39,-6.76,11,7,10,4,8,6,2387,2234,66.2,103.4,.242,.647,.521,50.9,70.5,8.2,11.1,.493,15.7,30.1,.176
274,South Carolina,32,13,19,.406,7.62,9.16,4,14,11,8,2,8,2398,2447,68.0,111.2,.340,.358,.548,52.4,57.2,9.3,11.1,.516,12.6,32.1,.243
275,South Carolina State,32,10,22,.313,-21.79,-8.63,7,7,6,5,3,16,2147,2522,70.2,112.3,.501,.378,.577,53.0,57.6,10.8,9.1,.531,16.5,36.3,.367
276,South Carolina Upstate,32,13,19,.406,-10.24,-5.55,5,11,10,5,3,13,2376,2357,70.0,103.7,.348,.365,.529,50.2,44.3,10.3,10.6,.495,14.9,30.4,.242
277,South Dakota,32,16,16,.500,-8.60,-4.88,8,8,12,5,3,10,2547,2566,71.3,110.8,.304,.306,.570,50.0,42.8,9.7,8.9,.541,14.2,29.2,.223
278,South Dakota State,32,14,18,.438,-3.09,-2.95,7,9,9,4,4,9,2413,2331,67.9,106.9,.327,.472,.547,46.5,53.6,9.5,7.4,.512,13.3,24.4,.241
279,South Florida,33,25,8,.758,13.29,2.60,15,3,13,2,9,3,2895,2492,73.1,101.3,.380,.395,.519,46.9,51.3,8.5,13.0,.480,16.4,31.4,.267
280,Southeast Missouri State,33,20,13,.606,-6.85,-7.82,14,6,10,5,8,7,2460,2331,70.5,99.8,.449,.329,.530,49.1,42.8,10.0,9.2,.478,16.6,27.7,.329
Overall,Conf.,Home,Away,Points,Opponent Advanced
Rk,School,G,W,L,W-L%,SRS,SOS,W,L,W,L,W,L,Tm.,Opp.,Pace,ORtg,FTr,3PAr,TS%,TRB%,AST%,STL%,BLK%,eFG%,TOV%,ORB%,FT/FGA
281,Southeastern Louisiana,31,9,22,.290,-9.31,-2.84,6,16,5,7,2,15,2016,2184,65.8,106.6,.400,.380,.559,51.9,53.6,10.3,9.5,.518,16.9,31.0,.293
282,Southern,34,17,17,.500,-10.98,-6.95,11,7,8,4,7,12,2707,2650,72.5,106.4,.412,.379,.564,49.8,53.5,8.8,9.6,.519,17.5,30.4,.311
283,Southern California,32,18,14,.563,10.58,11.16,7,13,9,7,5,6,2515,2494,71.0,107.6,.330,.406,.541,48.5,54.7,10.3,8.4,.498,14.2,31.5,.256
284,Southern Illinois,32,16,16,.500,3.09,0.86,10,10,8,6,7,8,2336,2226,69.8,98.5,.314,.415,.516,47.8,52.0,9.7,8.3,.485,16.4,27.0,.216
285,SIU Edwardsville,32,19,13,.594,-8.46,-10.25,12,8,10,5,8,7,2271,2070,66.5,96.5,.333,.384,.492,48.8,45.4,10.4,8.3,.452,15.7,30.4,.234
286,Southern Indiana,30,7,23,.233,-16.23,-8.98,4,16,3,10,4,11,2061,2210,68.8,106.2,.354,.274,.528,51.6,40.1,9.6,13.5,.488,14.1,33.3,.259
287,Southern Methodist,33,20,13,.606,17.27,10.66,8,10,15,3,3,8,2779,2561,70.7,108.9,.320,.472,.546,47.5,60.6,9.4,7.6,.514,14.7,31.6,.230
288,Southern Mississippi,35,19,16,.543,-5.39,-4.51,9,9,10,3,4,11,2615,2585,69.9,104.9,.426,.393,.543,47.7,47.2,10.0,10.4,.502,15.4,28.5,.303
289,Southern Utah,32,10,22,.313,-9.19,-0.22,6,12,7,6,2,15,2442,2544,72.0,110.0,.302,.291,.545,50.1,45.4,12.0,9.8,.516,12.9,31.4,.215
290,St. Bonaventure,34,17,17,.500,2.40,1.67,4,14,9,7,4,7,2596,2532,67.4,109.6,.336,.407,.564,47.6,56.0,9.3,8.1,.528,15.2,29.7,.254
291,St. John's (NY),34,28,6,.824,22.42,10.83,18,2,15,2,9,1,2773,2379,71.0,98.2,.318,.337,.510,47.1,47.2,8.7,9.5,.474,16.8,30.2,.228
292,St. Thomas,33,24,9,.727,3.27,-5.30,12,4,14,1,8,6,2728,2366,70.0,102.4,.288,.416,.530,50.3,53.6,7.3,8.0,.495,14.9,26.3,.215
293,Stanford,32,20,12,.625,12.55,9.27,9,9,12,6,5,5,2431,2326,67.9,107.0,.403,.335,.557,49.6,42.7,7.2,9.4,.512,16.0,30.1,.305
294,Stephen F. Austin,33,28,5,.848,4.06,-4.62,20,2,15,1,12,3,2520,2176,66.7,98.9,.297,.348,.511,47.0,46.3,7.7,9.6,.476,15.5,28.1,.214
295,Stetson,33,12,21,.364,-12.70,-4.70,7,11,9,5,2,14,2431,2631,68.5,116.0,.299,.410,.576,51.5,54.2,11.6,7.5,.547,13.0,31.2,.221
296,Stonehill,33,12,21,.364,-14.60,-9.28,8,10,8,5,4,15,2191,2263,67.1,100.7,.304,.332,.501,48.4,43.4,10.8,13.1,.472,12.1,26.2,.203
297,Stony Brook,32,17,15,.531,-5.46,-3.69,9,9,12,4,4,9,2295,2277,67.0,105.0,.342,.396,.531,51.9,53.5,10.0,11.7,.496,15.2,31.9,.243
298,Syracuse,32,15,17,.469,10.28,9.53,6,12,12,6,2,7,2400,2376,67.8,107.4,.326,.359,.537,52.0,53.0,9.9,7.9,.503,14.8,33.6,.235
299,Tarleton State,32,14,18,.438,-4.76,-1.48,5,13,10,6,4,11,2385,2349,71.4,101.6,.467,.403,.562,51.2,54.6,10.0,9.4,.518,21.2,33.3,.339
300,Temple,32,16,16,.500,1.04,-0.76,8,10,10,6,5,6,2366,2264,65.6,107.4,.358,.364,.539,49.9,49.4,8.1,11.3,.504,13.5,29.7,.254
Overall,Conf.,Home,Away,Points,Opponent Advanced
Rk,School,G,W,L,W-L%,SRS,SOS,W,L,W,L,W,L,Tm.,Opp.,Pace,ORtg,FTr,3PAr,TS%,TRB%,AST%,STL%,BLK%,eFG%,TOV%,ORB%,FT/FGA
301,Tennessee,33,22,11,.667,22.08,11.99,11,7,14,3,5,5,2622,2289,67.3,101.9,.362,.444,.516,41.2,45.4,10.5,9.4,.477,14.2,27.9,.254
302,Tennessee State,32,23,9,.719,-4.54,-8.68,15,5,10,2,10,7,2577,2347,72.0,101.5,.389,.370,.543,47.0,49.9,10.4,7.4,.504,17.8,28.4,.279
303,Tennessee Tech,31,13,18,.419,-13.25,-7.89,8,12,8,6,5,12,2272,2308,69.6,107.0,.300,.366,.537,48.3,51.9,11.1,10.2,.503,13.7,29.9,.221
304,Tennessee-Martin,33,22,11,.667,-5.92,-9.06,13,7,12,3,8,6,2303,2085,66.9,94.0,.341,.402,.488,45.6,54.1,13.4,10.5,.448,17.5,30.2,.236
305,Texas,32,18,14,.563,16.17,10.30,9,9,12,5,4,6,2681,2458,69.2,110.1,.408,.333,.552,44.6,45.5,9.6,10.1,.509,11.9,26.4,.301
306,Texas A&M,32,21,11,.656,16.76,8.60,11,7,14,4,6,5,2807,2546,72.5,107.2,.356,.415,.548,50.1,56.3,8.9,11.5,.508,15.7,32.5,.266
307,Texas A&M-Corpus Christi,33,18,15,.545,-2.48,-1.62,13,9,10,5,7,9,2393,2234,68.2,98.9,.455,.356,.528,47.0,48.4,10.6,10.2,.482,17.5,27.1,.321
308,Texas Christian,33,22,11,.667,15.75,9.51,11,7,14,5,5,5,2584,2378,69.7,102.3,.304,.381,.541,48.1,61.0,8.8,9.9,.510,17.2,29.2,.218
309,Texas Southern,30,12,18,.400,-14.05,-7.98,10,8,9,5,3,12,2251,2339,71.2,107.7,.436,.426,.552,50.0,53.9,11.0,8.0,.512,15.0,30.0,.308
310,Texas State,32,19,13,.594,-7.26,-6.69,11,7,16,1,3,9,2365,2271,67.8,103.4,.389,.378,.545,46.4,43.8,11.5,9.8,.509,16.7,27.8,.274
311,Texas Tech,32,22,10,.688,21.95,14.17,12,6,14,2,5,5,2573,2324,67.9,106.5,.316,.350,.525,48.0,41.5,8.8,7.3,.494,12.7,30.1,.219
312,Texas-Rio Grande Valley,33,19,14,.576,0.93,-2.20,14,8,10,5,8,8,2505,2293,66.6,103.1,.379,.386,.512,49.5,57.8,9.5,9.8,.472,14.0,31.1,.263
313,The Citadel,33,11,22,.333,-16.51,-5.91,7,11,7,8,3,12,2322,2558,65.1,116.9,.323,.436,.586,52.1,51.6,9.1,10.5,.566,13.2,30.7,.220
314,Toledo,34,19,15,.559,0.78,-1.57,11,7,11,4,5,9,2755,2603,69.8,109.6,.256,.398,.556,50.7,51.1,8.8,8.2,.537,15.4,32.7,.174
315,Towson,34,19,15,.559,-0.82,-1.44,9,9,11,3,3,10,2354,2248,64.6,101.9,.282,.417,.509,46.1,46.5,7.6,7.3,.479,13.3,28.2,.196
316,Troy,33,22,11,.667,-0.76,-4.57,12,6,10,3,9,7,2649,2412,68.1,103.4,.317,.383,.525,47.6,49.6,9.8,11.0,.493,15.5,30.9,.222
317,Tulane,33,18,15,.545,-2.50,1.13,8,10,10,8,6,4,2389,2493,68.2,109.9,.377,.399,.543,55.7,55.5,9.0,10.8,.507,14.6,35.4,.268
318,Tulsa,33,26,7,.788,11.14,0.78,13,5,13,2,8,4,2824,2409,68.8,104.9,.306,.405,.526,46.2,49.4,8.9,9.5,.492,13.4,28.1,.221
319,UAB,32,20,12,.625,3.56,-0.24,11,7,8,9,10,2,2535,2361,70.8,102.9,.280,.398,.527,47.6,50.4,8.0,9.8,.496,14.5,27.2,.202
320,UC Davis,33,19,14,.576,-1.09,-1.13,11,9,12,4,6,9,2562,2478,71.9,103.7,.399,.385,.554,51.8,52.1,9.0,9.9,.513,18.0,29.9,.293
Overall,Conf.,Home,Away,Points,Opponent Advanced
Rk,School,G,W,L,W-L%,SRS,SOS,W,L,W,L,W,L,Tm.,Opp.,Pace,ORtg,FTr,3PAr,TS%,TRB%,AST%,STL%,BLK%,eFG%,TOV%,ORB%,FT/FGA
321,UC Irvine,34,23,11,.676,3.65,-1.42,15,5,12,4,7,5,2632,2327,71.4,94.8,.265,.381,.481,47.6,54.1,9.2,8.5,.447,15.9,30.7,.187
322,UC Riverside,32,10,22,.313,-7.76,-0.30,5,15,7,7,3,15,2334,2492,70.7,110.1,.392,.312,.558,50.6,49.5,9.8,8.4,.524,13.8,29.6,.276
323,UC San Diego,34,23,11,.676,2.32,-1.68,12,8,10,5,8,5,2573,2390,69.8,100.7,.286,.436,.519,49.1,56.2,8.7,10.0,.487,15.0,26.6,.206
324,UC Santa Barbara,32,18,14,.563,1.15,-1.82,11,9,11,4,5,8,2483,2328,67.5,106.1,.406,.355,.560,46.3,48.9,10.3,9.5,.522,15.4,24.7,.293
325,UCF,32,21,11,.656,13.30,10.80,9,9,13,5,5,5,2591,2511,70.6,110.2,.352,.397,.561,47.4,51.3,8.3,9.0,.524,13.9,28.5,.262
326,UCLA,34,23,11,.676,18.28,11.55,13,7,17,1,4,6,2643,2414,65.7,106.9,.347,.447,.545,50.4,63.3,7.3,8.1,.504,15.6,32.4,.261
327,UNC Asheville,32,15,17,.469,-6.17,-3.89,8,8,9,7,4,9,2349,2334,67.8,106.8,.378,.374,.537,49.1,47.8,9.3,7.5,.505,13.8,30.2,.257
328,UNC Greensboro,34,15,19,.441,-11.31,-6.02,9,9,8,6,4,9,2673,2736,69.0,115.3,.295,.464,.573,49.6,50.1,8.5,8.7,.549,11.9,27.9,.209
329,UNC Wilmington,32,26,6,.813,2.50,-5.04,15,3,15,3,11,2,2465,2166,67.0,101.0,.314,.424,.510,45.2,46.7,7.6,7.9,.469,13.4,26.3,.235
330,UT Arlington,32,18,14,.563,-1.74,-1.70,9,9,9,4,8,8,2240,2134,67.3,97.9,.406,.317,.508,46.1,49.1,11.0,8.8,.463,16.1,29.0,.284
331,Utah,32,10,22,.313,6.19,10.94,2,16,8,9,1,10,2379,2531,68.0,115.8,.299,.338,.566,51.0,48.2,8.7,12.0,.539,11.5,31.6,.214
332,Utah State,34,28,6,.824,17.36,6.51,15,5,14,1,7,5,2806,2392,68.5,102.3,.387,.406,.535,48.7,50.0,8.3,9.7,.492,17.8,31.7,.282
333,Utah Tech,34,19,15,.559,-3.56,-1.30,11,7,11,3,6,10,2612,2548,68.9,106.1,.328,.337,.530,51.4,47.7,9.8,7.0,.494,14.9,33.1,.236
334,Utah Valley,33,25,8,.758,5.36,-1.77,14,4,15,0,6,7,2646,2259,69.9,96.8,.380,.343,.517,46.2,52.9,11.5,7.1,.473,18.6,30.4,.274
335,UTEP,31,11,20,.355,-6.66,-0.41,7,13,9,7,2,11,2149,2244,66.8,107.1,.431,.375,.550,52.7,53.6,9.7,8.2,.510,16.2,32.4,.306
336,UTSA,30,5,25,.167,-14.21,1.44,1,17,2,12,2,12,2084,2422,70.2,115.0,.335,.435,.551,53.4,55.7,11.4,12.2,.520,12.9,36.9,.238
337,Valparaiso,33,18,15,.545,-0.03,0.66,11,9,13,4,4,10,2376,2358,66.8,105.8,.346,.367,.538,49.2,48.9,7.4,8.2,.503,14.8,29.9,.247
338,Vanderbilt,34,26,8,.765,22.83,11.68,11,7,13,3,8,4,2936,2557,70.8,105.4,.410,.379,.537,49.7,46.6,7.3,7.1,.488,15.4,31.6,.308
339,Vermont,34,22,12,.647,-6.82,-10.20,12,4,13,3,8,7,2496,2330,64.7,104.7,.363,.414,.541,47.3,49.0,8.4,8.0,.500,13.2,22.4,.268
340,Villanova,32,24,8,.750,16.30,9.93,15,5,13,3,9,3,2469,2265,66.4,105.3,.289,.369,.542,50.2,53.7,7.6,7.5,.513,16.2,31.7,.207
Overall,Conf.,Home,Away,Points,Opponent Advanced
Rk,School,G,W,L,W-L%,SRS,SOS,W,L,W,L,W,L,Tm.,Opp.,Pace,ORtg,FTr,3PAr,TS%,TRB%,AST%,STL%,BLK%,eFG%,TOV%,ORB%,FT/FGA
341,Virginia,34,29,5,.853,21.60,9.36,15,3,16,1,8,2,2742,2326,66.5,101.0,.330,.375,.500,44.9,50.3,9.6,9.6,.453,13.4,29.2,.250
342,Virginia Commonwealth,34,27,7,.794,13.19,3.11,15,3,15,2,7,3,2773,2430,69.4,103.1,.331,.347,.524,48.3,50.3,9.0,8.9,.489,14.9,29.9,.236
343,VMI,32,6,26,.188,-20.72,-6.03,1,17,5,9,1,14,2303,2560,68.6,116.6,.325,.450,.573,54.9,62.7,8.1,9.9,.543,13.6,34.7,.235
344,Virginia Tech,32,19,13,.594,13.28,9.38,8,10,14,3,3,7,2521,2396,68.0,107.2,.288,.396,.541,50.2,47.0,7.8,9.3,.508,14.8,32.6,.214
345,Wagner,31,14,17,.452,-11.79,-8.69,8,10,8,5,6,12,2210,2222,66.2,106.1,.377,.366,.532,47.2,54.1,10.8,10.1,.493,13.4,28.4,.270
346,Wake Forest,33,17,16,.515,12.57,10.79,7,11,12,6,2,7,2602,2543,69.5,109.6,.362,.468,.558,51.5,57.6,8.9,8.4,.520,15.4,32.9,.267
347,Washington,33,16,17,.485,14.17,10.68,7,13,10,6,4,9,2545,2430,68.0,107.1,.310,.382,.535,46.7,49.1,8.2,8.7,.502,12.5,28.5,.224
348,Washington State,32,12,20,.375,3.49,5.10,7,11,9,6,1,11,2435,2480,69.2,112.0,.333,.366,.563,48.5,49.0,10.3,9.3,.527,12.8,28.0,.249
349,Weber State,32,16,16,.500,-2.82,-2.59,10,8,11,5,5,10,2598,2474,70.7,108.2,.352,.398,.564,47.0,50.2,8.7,10.3,.531,14.7,26.0,.255
350,West Georgia,32,15,17,.469,-10.95,-5.78,8,10,10,5,4,11,2450,2547,70.5,111.6,.352,.372,.560,49.3,50.7,9.2,5.6,.525,13.0,29.2,.257
351,West Virginia,32,18,14,.563,12.80,8.37,9,9,15,3,3,6,2214,2072,64.0,100.0,.292,.381,.516,49.0,55.1,10.0,11.2,.483,15.7,29.0,.211
352,Western Carolina,31,15,16,.484,-6.41,-3.72,10,8,10,3,4,12,2432,2397,69.1,111.0,.384,.431,.574,45.4,47.8,8.8,7.3,.539,13.7,25.4,.281
353,Western Illinois,31,5,26,.161,-23.44,-8.16,1,19,4,11,1,15,2011,2381,67.2,113.9,.330,.359,.565,53.3,50.2,10.0,10.8,.538,13.3,33.6,.232
354,Western Kentucky,32,18,14,.563,0.47,-0.47,11,9,12,4,5,7,2537,2436,71.1,106.2,.455,.424,.545,49.1,57.7,8.5,12.0,.505,15.1,29.2,.316
355,Western Michigan,31,10,21,.323,-8.32,-2.15,4,14,7,8,3,13,2318,2464,69.7,113.6,.372,.437,.568,48.8,54.7,9.5,11.6,.539,12.4,28.9,.260
356,Wichita State,33,22,11,.667,8.72,2.10,13,5,14,3,7,4,2562,2324,67.1,102.7,.339,.343,.512,45.4,43.7,8.8,8.3,.474,13.7,29.4,.240
357,William & Mary,32,20,12,.625,-0.06,-2.69,10,8,11,2,6,9,2660,2487,73.9,105.2,.345,.454,.543,50.6,53.8,9.9,9.6,.510,16.5,30.9,.244
358,Winthrop,34,23,11,.676,-0.64,-4.42,13,3,13,1,7,9,2844,2566,72.1,104.3,.371,.431,.540,46.0,45.3,8.0,10.7,.500,15.0,26.4,.270
359,Wisconsin,34,24,10,.706,19.52,12.44,14,6,15,2,6,4,2822,2581,68.8,108.7,.305,.402,.545,49.5,50.6,6.5,12.5,.513,12.7,28.2,.222
360,Wofford,32,19,13,.594,-7.38,-7.18,11,7,10,5,9,7,2520,2468,68.1,112.8,.357,.383,.574,49.5,49.5,8.4,9.3,.536,13.7,28.5,.272
Overall,Conf.,Home,Away,Points,Opponent Advanced
Rk,School,G,W,L,W-L%,SRS,SOS,W,L,W,L,W,L,Tm.,Opp.,Pace,ORtg,FTr,3PAr,TS%,TRB%,AST%,STL%,BLK%,eFG%,TOV%,ORB%,FT/FGA
361,Wright State,34,23,11,.676,0.12,-4.44,15,5,11,5,9,5,2745,2497,69.0,106.0,.335,.345,.549,46.9,44.9,9.9,8.7,.514,15.2,28.4,.244
362,Wyoming,32,18,14,.563,7.55,4.07,9,11,14,4,3,9,2467,2335,67.6,108.0,.472,.371,.561,46.7,45.1,8.5,10.8,.521,14.7,27.4,.332
363,Xavier,33,15,18,.455,7.87,10.15,6,14,12,6,1,10,2586,2661,71.2,112.4,.326,.369,.568,52.4,63.3,8.2,10.2,.541,13.5,29.5,.229
364,Yale,30,24,6,.800,6.13,-2.51,11,3,10,2,9,3,2453,2129,66.1,106.1,.256,.457,.540,46.7,53.1,7.7,9.1,.513,14.5,28.6,.186
365,Youngstown State,32,15,17,.469,-4.44,-4.64,8,12,10,5,4,11,2495,2338,69.0,105.4,.331,.335,.546,49.0,47.1,10.2,9.4,.509,15.8,30.2,.245
