ranker,school_name,g,wins,losses,win_loss_pct,srs,sos,wins_conf,losses_conf,wins_home,losses_home,wins_visitor,losses_visitor,pts,opp_pts,opp_mp,opp_fg,opp_fga,opp_fg_pct,opp_fg3,opp_fg3a,opp_fg3_pct,opp_ft,opp_fta,opp_ft_pct,opp_orb,opp_trb,opp_ast,opp_stl,opp_blk,opp_tov,opp_pf
1,Abilene Christian,33,14,19,.424,-7.18,-1.25,5,13,9,5,3,12,2321,2389,1325,793,1621,.489,196,498,.394,607,842,.721,266,1029,393,278,147,541,605
2,Air Force,32,3,29,.094,-13.66,4.68,0,20,3,15,0,12,1969,2556,1280,900,1834,.491,268,712,.376,488,671,.727,321,1146,488,255,113,325,569
3,Akron,34,29,5,.853,9.04,-3.33,17,1,15,0,9,3,3004,2499,1360,874,2074,.421,319,914,.349,432,597,.724,376,1125,450,212,95,460,531
4,Alabama,32,23,9,.719,22.70,14.45,13,5,12,3,7,3,2935,2671,1290,955,2205,.433,259,773,.335,502,720,.697,443,1280,446,205,118,304,635
5,Alabama A&M,33,18,15,.545,-12.99,-10.49,10,8,12,5,4,8,2378,2393,1325,822,1860,.442,231,682,.339,518,714,.725,329,1129,463,202,99,372,634
6,Alabama State,32,10,22,.313,-14.21,-8.14,7,11,5,4,4,15,2341,2473,1280,826,1837,.450,253,746,.339,568,774,.734,336,1159,453,243,127,441,560
7,Albany (NY),32,11,21,.344,-13.92,-8.09,7,9,6,5,4,13,2303,2332,1280,814,1820,.447,252,719,.350,452,623,.726,331,1035,446,218,101,345,426
8,Alcorn State,32,9,23,.281,-19.82,-6.54,7,11,5,4,2,18,2141,2566,1282,911,1850,.492,214,649,.330,530,729,.727,366,1182,507,234,134,403,493
9,American,32,16,16,.500,-6.91,-6.21,9,9,11,6,5,10,2387,2283,1280,786,1689,.465,213,627,.340,498,688,.724,287,1070,418,198,94,422,541
10,Appalachian State,32,19,13,.594,-3.77,-5.67,11,7,11,4,7,8,2305,2114,1285,739,1851,.399,240,763,.315,396,563,.703,341,1089,374,162,80,301,608
11,Arizona,34,32,2,.941,29.92,12.57,16,2,16,1,9,1,2929,2339,1365,834,2129,.392,249,792,.314,422,590,.715,372,1078,408,205,126,407,669
12,Arizona State,33,17,16,.515,10.79,12.79,7,11,10,5,2,9,2519,2585,1320,899,1984,.453,280,800,.350,505,681,.742,407,1199,498,244,113,430,654
13,Arkansas,34,26,8,.765,22.43,12.57,13,5,17,1,5,5,3058,2723,1380,985,2174,.453,263,830,.317,490,681,.720,387,1176,491,171,97,392,612
14,Arkansas State,32,20,12,.625,-0.65,-4.39,11,7,11,4,9,7,2655,2471,1295,861,1960,.439,249,766,.325,500,713,.701,326,1067,440,284,106,368,618
15,Arkansas-Pine Bluff,32,13,19,.406,-14.79,-6.92,10,8,7,4,6,14,2472,2593,1285,876,1908,.459,238,711,.335,603,809,.745,363,1158,473,244,100,395,529
16,Army,32,11,21,.344,-15.28,-7.14,5,13,6,10,5,10,2309,2471,1305,844,1807,.467,261,749,.348,522,702,.744,285,1119,448,230,101,353,509
17,Auburn,33,17,16,.515,17.02,13.69,7,11,11,4,2,8,2730,2620,1330,908,1961,.463,285,781,.365,519,695,.747,360,1093,466,218,152,375,659
18,Austin Peay,31,22,9,.710,-2.25,-6.70,15,3,12,1,9,7,2530,2269,1240,808,1805,.448,240,739,.325,413,585,.706,312,1067,429,204,98,425,560
19,Ball State,31,12,19,.387,-9.58,-4.27,7,11,7,7,4,11,2093,2154,1250,753,1691,.445,232,694,.334,416,546,.762,293,1107,404,166,113,395,485
20,Baylor,32,16,16,.500,15.33,11.78,6,12,11,6,3,7,2642,2469,1280,896,1954,.459,239,678,.353,438,582,.753,354,1027,436,223,102,362,576
Rk,School,G,W,L,W-L%,"Simple Rating SystemA rating that takes into account average point differential and strength of schedule. The rating is denominated in points above/below average, where zero is average. Non-Division I games are excluded from the ratings."" data-over-header=""Overall"" >SRS","Strength of ScheduleA rating of strength of schedule. The rating is denominated in points above/below average, where zero is average. Non-Division I games are excluded from the ratings."" data-over-header=""Overall"" >SOS",W,L,W,L,W,L,Tm.,Opp.,MP,FG,FGA,FG%,3P,3PA,3P%,FT,FTA,FT%,ORB,TRB,AST,STL,BLK,TOV,PF
21,Bellarmine,32,13,19,.406,-9.00,-4.64,7,11,9,5,2,13,2561,2614,1290,898,1856,.484,372,936,.397,446,606,.736,342,1026,553,193,94,331,560
22,Belmont,32,26,6,.813,8.95,-0.41,16,4,13,2,11,3,2684,2347,1290,793,1933,.410,319,949,.336,442,586,.754,348,1056,428,217,94,395,557
23,Bethune-Cookman,32,17,15,.531,-9.38,-6.45,14,4,10,1,7,11,2412,2462,1295,857,1954,.439,216,660,.327,532,745,.714,377,1139,408,271,92,375,595
24,Binghamton,31,8,23,.258,-20.67,-10.78,4,12,7,8,1,14,2105,2321,1265,828,1789,.463,250,701,.357,413,595,.694,303,1045,400,217,94,279,541
25,Boise State,32,20,12,.625,12.04,7.84,12,8,12,4,6,5,2502,2351,1310,851,1841,.462,237,683,.347,412,579,.712,240,916,390,189,95,314,632
26,Boston College,31,11,20,.355,3.39,6.65,4,14,10,7,1,10,2090,2191,1260,773,1811,.427,225,706,.319,420,626,.671,322,1163,376,192,105,311,530
27,Boston University,34,17,17,.500,-8.08,-8.23,10,8,10,5,6,12,2566,2514,1395,897,1954,.459,290,795,.365,430,593,.725,312,1033,440,240,90,294,522
28,Bowling Green,32,18,14,.563,0.47,-3.57,9,9,10,7,6,6,2602,2290,1285,785,1802,.436,256,752,.340,464,647,.717,282,1070,412,208,116,469,607
29,Bradley,33,21,12,.636,3.83,0.54,13,7,14,2,4,7,2560,2422,1365,832,1844,.451,268,742,.361,490,692,.708,313,1187,449,163,101,459,605
30,Brigham Young,34,23,11,.676,21.04,12.45,9,9,12,3,3,6,2853,2561,1365,922,2083,.443,288,816,.353,429,602,.713,365,1162,501,214,101,396,628
31,Brown,27,9,18,.333,-9.90,-4.66,3,11,6,8,3,10,1900,1892,1100,641,1483,.432,207,631,.328,403,534,.755,258,927,356,207,91,364,414
32,Bryant,31,9,22,.290,-18.19,-7.92,5,11,8,5,1,17,2010,2246,1255,805,1777,.453,224,632,.354,412,578,.713,321,1087,406,248,72,301,469
33,Bucknell,33,10,23,.303,-14.38,-5.44,6,12,6,8,4,12,2223,2518,1336,857,1852,.463,313,846,.370,491,653,.752,334,1155,530,249,122,400,541
34,Buffalo,32,17,15,.531,-3.52,-3.99,7,11,7,8,8,6,2497,2438,1290,874,1839,.475,268,766,.350,422,575,.734,317,1067,514,213,78,386,557
35,Butler,32,16,16,.500,10.47,8.63,7,13,10,7,3,8,2540,2481,1300,931,2039,.457,255,765,.333,364,507,.718,349,1099,500,217,149,344,647
36,Cal Poly,33,14,19,.424,-4.17,-0.20,10,10,8,6,6,11,2710,2805,1325,991,2154,.460,308,895,.344,515,711,.724,383,1245,520,239,112,413,649
37,Cal State Bakersfield,32,8,24,.250,-12.69,-1.26,2,18,6,11,2,13,2339,2629,1280,890,1915,.465,262,735,.356,587,816,.719,402,1227,475,240,116,428,619
38,Cal State Fullerton,34,18,16,.529,-1.75,0.12,12,8,10,4,6,10,2822,2778,1360,956,2088,.458,324,958,.338,542,723,.750,341,1302,561,207,96,512,688
39,Cal State Northridge,34,20,14,.588,-1.96,-1.27,12,8,12,3,7,8,2767,2713,1365,906,2132,.425,350,1036,.338,551,730,.755,344,1230,530,268,145,435,624
40,California,32,21,11,.656,11.67,7.61,9,9,16,4,4,6,2492,2344,1290,819,1890,.433,245,784,.313,461,699,.660,353,1173,458,168,119,367,589
Rk,School,G,W,L,W-L%,"Simple Rating SystemA rating that takes into account average point differential and strength of schedule. The rating is denominated in points above/below average, where zero is average. Non-Division I games are excluded from the ratings."" data-over-header=""Overall"" >SRS","Strength of ScheduleA rating of strength of schedule. The rating is denominated in points above/below average, where zero is average. Non-Division I games are excluded from the ratings."" data-over-header=""Overall"" >SOS",W,L,W,L,W,L,Tm.,Opp.,MP,FG,FGA,FG%,3P,3PA,3P%,FT,FTA,FT%,ORB,TRB,AST,STL,BLK,TOV,PF
41,California Baptist,33,25,8,.758,2.52,-2.93,13,5,15,0,7,7,2410,2230,1335,778,1866,.417,176,592,.297,498,693,.719,322,1075,358,225,128,386,595
42,Campbell,34,16,18,.471,-2.85,-0.10,8,10,10,4,3,13,2691,2639,1360,954,1999,.477,207,591,.350,524,711,.737,349,1125,467,236,126,415,668
43,Canisius,31,10,21,.323,-16.98,-7.85,5,15,7,8,3,13,1951,2184,1245,756,1696,.446,243,746,.326,429,596,.720,300,1058,424,207,101,329,478
44,Central Arkansas,34,22,12,.647,-1.34,-4.66,15,3,14,1,6,10,2749,2541,1385,887,1977,.449,356,1040,.342,411,564,.729,303,1175,547,223,112,469,571
45,Central Connecticut State,30,18,12,.600,-11.33,-9.94,12,6,10,4,8,8,2215,2127,1205,771,1794,.430,236,718,.329,349,457,.764,307,990,420,189,68,282,476
46,Central Michigan,31,10,21,.323,-8.48,-2.48,6,12,8,5,1,15,2275,2384,1240,835,1803,.463,242,707,.342,472,689,.685,359,1093,488,244,99,380,523
47,Charleston Southern,32,15,17,.469,-6.70,-6.66,6,10,10,4,5,11,2670,2563,1310,871,2109,.413,202,662,.305,619,873,.709,399,1263,336,261,97,305,557
48,Charlotte,34,17,17,.500,-0.20,1.08,9,9,11,6,4,8,2492,2530,1385,878,1981,.443,272,805,.338,502,706,.711,381,1105,446,228,97,306,568
49,Chattanooga,32,13,19,.406,-10.89,-6.96,7,11,7,8,6,9,2454,2408,1280,800,1875,.427,269,821,.328,539,764,.705,351,1139,417,180,72,301,512
50,Chicago State,32,7,25,.219,-16.28,-4.93,5,13,5,6,2,19,2105,2434,1285,818,1727,.474,318,891,.357,480,642,.748,340,1160,591,177,108,427,489
51,Cincinnati,33,18,15,.545,15.50,9.95,9,9,15,3,2,8,2413,2230,1325,791,1922,.412,238,767,.310,410,577,.711,325,1156,431,189,76,417,530
52,Clemson,34,24,10,.706,16.99,9.57,12,6,13,3,6,5,2521,2269,1370,776,1851,.419,259,795,.326,458,613,.747,294,1103,360,189,112,392,618
53,Cleveland State,33,11,22,.333,-13.07,-3.04,6,14,7,8,3,13,2633,2836,1320,984,2055,.479,321,905,.355,547,724,.756,405,1193,572,224,129,369,623
54,Coastal Carolina,32,19,13,.594,-7.52,-5.78,11,7,8,5,10,7,2346,2323,1310,803,2005,.400,233,733,.318,484,682,.710,345,1229,303,181,82,277,535
55,Colgate,33,18,15,.545,-5.99,-5.38,11,7,9,5,6,10,2522,2462,1350,864,1958,.441,274,802,.342,460,642,.717,340,1126,467,191,77,348,533
56,College of Charleston,32,21,11,.656,-1.17,-2.59,14,4,11,4,8,4,2413,2348,1290,849,2031,.418,285,882,.323,365,523,.698,405,1192,447,201,98,332,621
57,Colorado,32,17,15,.531,10.89,10.36,7,11,13,5,2,8,2559,2542,1290,888,1918,.463,253,687,.368,513,696,.737,330,1111,453,188,109,349,589
58,Colorado State,33,21,12,.636,8.56,5.03,11,9,12,5,6,5,2510,2347,1320,827,1823,.454,267,787,.339,426,615,.693,313,978,387,220,73,331,618
59,Columbia,28,16,12,.571,-2.56,-3.95,5,9,9,5,7,7,2146,2007,1130,706,1627,.434,200,590,.339,395,533,.741,259,858,411,191,108,284,436
60,Connecticut,34,29,5,.853,22.92,10.53,17,3,15,2,9,2,2635,2214,1370,740,1842,.402,202,667,.303,532,740,.719,341,1052,359,200,115,408,584
Rk,School,G,W,L,W-L%,"Simple Rating SystemA rating that takes into account average point differential and strength of schedule. The rating is denominated in points above/below average, where zero is average. Non-Division I games are excluded from the ratings."" data-over-header=""Overall"" >SRS","Strength of ScheduleA rating of strength of schedule. The rating is denominated in points above/below average, where zero is average. Non-Division I games are excluded from the ratings."" data-over-header=""Overall"" >SOS",W,L,W,L,W,L,Tm.,Opp.,MP,FG,FGA,FG%,3P,3PA,3P%,FT,FTA,FT%,ORB,TRB,AST,STL,BLK,TOV,PF
61,Coppin State,31,7,24,.226,-24.84,-8.11,5,9,3,6,4,15,2032,2493,1245,825,1768,.467,291,769,.378,552,742,.744,346,1108,514,276,131,387,554
62,Cornell,28,15,13,.536,-1.67,-2.83,8,6,7,4,8,8,2477,2335,1130,824,1728,.477,247,664,.372,440,614,.717,289,939,468,191,78,318,479
63,Creighton,32,15,17,.469,10.57,10.47,9,11,10,6,4,8,2404,2401,1285,913,2008,.455,227,642,.354,348,493,.706,348,1146,465,224,104,309,519
64,Dartmouth,27,11,16,.407,-8.24,-2.92,5,9,5,8,6,8,2047,2071,1085,750,1677,.447,225,666,.338,346,485,.713,280,965,387,199,80,261,486
65,Davidson,33,20,13,.606,4.27,2.76,10,8,11,7,7,4,2367,2225,1335,784,1793,.437,211,657,.321,446,647,.689,328,1113,381,197,95,387,557
66,Dayton,34,23,11,.676,8.85,4.37,12,6,14,3,6,5,2528,2376,1375,815,1870,.436,273,766,.356,473,668,.708,338,1151,416,239,123,496,693
67,Delaware,31,10,21,.323,-8.65,-2.45,6,14,5,10,4,10,2098,2293,1265,796,1823,.437,273,784,.348,428,553,.774,334,1074,476,234,90,282,454
68,Delaware State,31,8,23,.258,-22.55,-10.81,2,12,5,7,2,14,1896,2185,1250,768,1646,.467,196,577,.340,453,635,.713,285,1065,425,205,124,410,489
69,Denver,32,15,17,.469,-5.76,-2.04,8,8,9,5,6,11,2650,2650,1280,950,1950,.487,269,728,.370,481,691,.696,350,1097,407,188,88,291,598
70,DePaul,32,16,16,.500,7.45,6.76,8,12,11,7,4,7,2248,2226,1280,767,1772,.433,213,601,.354,479,670,.715,331,1097,441,235,118,404,555
71,Detroit Mercy,32,17,15,.531,-5.62,-3.19,12,8,9,5,7,9,2471,2475,1280,848,1912,.444,266,814,.327,513,722,.711,348,1107,492,199,105,330,576
72,Drake,34,14,20,.412,-0.93,1.44,6,14,6,11,4,7,2552,2544,1370,896,2039,.439,325,902,.360,427,628,.680,358,1237,496,204,90,353,577
73,Drexel,33,17,16,.515,-4.73,-4.48,10,8,12,4,4,9,2247,2221,1320,775,1859,.417,189,630,.300,482,641,.752,353,1123,363,242,102,360,549
74,Duke,34,32,2,.941,31.55,12.41,17,1,15,0,10,1,2798,2147,1360,770,1963,.392,273,897,.304,334,466,.717,312,1001,396,215,103,414,617
75,Duquesne,33,18,15,.545,3.38,2.34,9,9,12,6,5,7,2584,2481,1340,843,1887,.447,269,753,.357,526,721,.730,333,1116,459,236,136,432,580
76,East Carolina,31,11,20,.355,-5.73,0.43,6,12,7,10,4,8,2217,2401,1255,855,1889,.453,256,735,.348,435,600,.725,355,1115,462,224,101,353,577
77,East Tennessee State,34,23,11,.676,-0.64,-7.33,13,5,13,4,8,6,2638,2356,1370,802,1888,.425,291,902,.323,461,645,.715,329,1092,439,199,90,435,519
78,East Texas A&M,32,11,21,.344,-11.01,-2.05,6,16,6,8,4,13,2246,2385,1280,839,1874,.448,255,702,.363,452,649,.696,357,1183,465,230,104,396,478
79,Eastern Illinois,33,13,20,.394,-13.46,-5.83,8,12,9,6,3,13,2214,2321,1335,806,1865,.432,248,790,.314,461,621,.742,377,1169,465,208,146,441,529
80,Eastern Kentucky,32,11,21,.344,-10.18,-4.58,7,11,8,7,3,13,2568,2619,1300,908,1886,.481,282,781,.361,521,721,.723,335,1137,490,228,85,368,539
Rk,School,G,W,L,W-L%,"Simple Rating SystemA rating that takes into account average point differential and strength of schedule. The rating is denominated in points above/below average, where zero is average. Non-Division I games are excluded from the ratings."" data-over-header=""Overall"" >SRS","Strength of ScheduleA rating of strength of schedule. The rating is denominated in points above/below average, where zero is average. Non-Division I games are excluded from the ratings."" data-over-header=""Overall"" >SOS",W,L,W,L,W,L,Tm.,Opp.,MP,FG,FGA,FG%,3P,3PA,3P%,FT,FTA,FT%,ORB,TRB,AST,STL,BLK,TOV,PF
81,Eastern Michigan,31,10,21,.323,-5.71,-1.51,4,14,7,7,3,14,2191,2279,1250,804,1823,.441,209,643,.325,462,644,.717,320,1100,409,203,118,341,496
82,Eastern Washington,33,14,19,.424,-1.98,-0.48,11,7,8,4,5,13,2576,2606,1330,912,1903,.479,260,737,.353,522,688,.759,321,1053,448,246,97,372,623
83,Elon,32,14,18,.438,-5.48,-3.01,6,12,8,8,6,9,2500,2492,1300,869,1911,.455,304,846,.359,450,639,.704,367,1133,485,203,117,370,556
84,Evansville,32,7,25,.219,-8.81,3.69,3,17,5,10,1,12,2143,2447,1290,858,1873,.458,297,803,.370,434,582,.746,315,1147,494,244,71,342,524
85,Fairfield,34,21,13,.618,-8.06,-9.06,11,9,12,4,7,8,2528,2432,1365,879,1972,.446,240,705,.340,434,588,.738,334,1173,459,195,145,397,542
86,FDU,32,11,21,.344,-14.99,-7.43,8,10,8,6,3,15,2150,2245,1285,781,1695,.461,250,686,.364,433,612,.708,262,1024,393,200,92,350,544
87,Florida,33,26,7,.788,27.90,13.11,16,2,14,1,8,2,2864,2376,1320,827,2025,.408,221,683,.324,501,689,.727,319,1019,368,219,96,368,654
88,Florida A&M,31,15,16,.484,-14.02,-8.95,11,7,8,4,5,11,2183,2312,1245,785,1752,.448,212,608,.349,530,704,.753,321,1062,389,271,101,424,563
89,Florida Atlantic,33,18,15,.545,3.77,1.93,9,9,11,4,4,8,2596,2453,1335,849,1977,.429,240,714,.336,515,712,.723,341,1143,392,247,92,375,562
90,Florida Gulf Coast,34,16,18,.471,-6.41,-5.03,8,10,11,6,3,11,2631,2598,1375,873,1954,.447,312,889,.351,540,740,.730,320,1159,462,216,108,401,559
91,Florida International,32,15,17,.469,-1.82,-0.47,8,12,12,6,3,10,2580,2492,1295,849,1955,.434,310,869,.357,484,685,.707,403,1171,526,256,108,484,600
92,Florida State,33,18,15,.545,11.66,9.24,10,8,11,6,6,5,2652,2572,1320,896,2015,.445,313,904,.346,467,659,.709,406,1261,499,222,130,450,590
93,Fordham,32,17,15,.531,0.25,-0.96,8,10,11,7,4,6,2235,2095,1285,744,1766,.421,251,757,.332,356,521,.683,278,1023,454,190,96,377,502
94,Fresno State,32,13,19,.406,3.50,4.66,7,13,10,8,2,10,2331,2330,1280,840,1902,.442,255,845,.302,395,545,.725,346,1125,428,236,103,406,581
95,Furman,34,22,12,.647,-3.24,-6.14,10,8,11,5,7,5,2600,2397,1375,859,2021,.425,277,855,.324,402,573,.702,331,1093,405,258,103,328,579
96,Gardner-Webb,33,4,29,.121,-22.36,-1.86,1,15,3,10,0,16,2248,2820,1320,1002,2031,.493,300,834,.360,516,711,.726,397,1298,556,266,114,371,513
97,George Mason,32,23,9,.719,6.45,1.19,11,7,17,2,4,6,2347,2160,1280,774,1821,.425,251,771,.326,361,513,.704,317,991,405,206,110,329,612
98,George Washington,33,18,15,.545,9.05,2.24,8,10,12,4,3,7,2708,2433,1325,843,1899,.444,270,813,.332,477,652,.732,312,1052,504,262,109,424,564
99,Georgetown,34,16,18,.471,9.22,8.51,6,14,10,7,4,8,2503,2479,1375,858,1991,.431,273,821,.333,490,675,.726,381,1175,471,211,116,373,595
100,Georgia,32,22,10,.688,19.57,8.91,10,8,14,4,6,4,2874,2533,1300,907,2071,.438,262,778,.337,457,637,.717,431,1200,429,223,113,440,603
Rk,School,G,W,L,W-L%,"Simple Rating SystemA rating that takes into account average point differential and strength of schedule. The rating is denominated in points above/below average, where zero is average. Non-Division I games are excluded from the ratings."" data-over-header=""Overall"" >SRS","Strength of ScheduleA rating of strength of schedule. The rating is denominated in points above/below average, where zero is average. Non-Division I games are excluded from the ratings."" data-over-header=""Overall"" >SOS",W,L,W,L,W,L,Tm.,Opp.,MP,FG,FGA,FG%,3P,3PA,3P%,FT,FTA,FT%,ORB,TRB,AST,STL,BLK,TOV,PF
101,Georgia Southern,37,21,16,.568,-6.48,-6.02,8,10,9,5,7,8,2994,2949,1495,996,2204,.452,300,875,.343,657,889,.739,455,1435,469,236,102,504,676
102,Georgia State,32,10,22,.313,-11.59,-4.59,7,11,7,7,3,12,2253,2391,1285,835,1911,.437,250,742,.337,471,674,.699,376,1239,434,192,91,371,589
103,Georgia Tech,31,11,20,.355,3.10,6.74,2,16,10,9,1,9,2287,2400,1245,822,1931,.426,284,857,.331,472,661,.714,362,1134,463,251,134,347,528
104,Gonzaga,33,30,3,.909,25.11,5.98,16,2,15,0,8,2,2809,2178,1325,751,1903,.395,256,832,.308,420,589,.713,322,1062,397,175,86,477,575
105,Grambling,33,14,19,.424,-12.21,-9.99,7,11,7,5,4,13,2321,2314,1320,796,1826,.436,208,647,.321,514,720,.714,351,1117,414,278,140,489,591
106,Grand Canyon,32,20,12,.625,11.03,4.06,13,7,13,4,6,5,2420,2197,1285,736,1780,.413,217,680,.319,508,694,.732,281,1004,369,206,88,384,645
107,Green Bay,33,18,15,.545,-5.00,-3.04,12,8,10,4,6,9,2469,2470,1331,836,1858,.450,293,811,.361,505,680,.743,315,1039,486,202,97,296,587
108,Hampton,32,13,19,.406,-8.65,-4.55,7,11,10,2,2,12,2237,2264,1290,781,1730,.451,183,579,.316,519,764,.679,318,1107,391,197,136,372,599
109,Harvard,29,17,12,.586,-1.61,-4.08,10,4,8,4,9,6,2032,1934,1175,707,1623,.436,201,635,.317,319,437,.730,268,924,364,189,71,322,414
110,Hawaii,32,24,8,.750,4.85,-3.59,14,6,16,3,6,5,2548,2231,1290,788,1918,.411,190,626,.304,465,672,.692,306,1051,299,246,92,391,667
111,High Point,34,30,4,.882,6.76,-7.89,15,1,17,1,7,2,3059,2389,1370,826,1937,.426,252,794,.317,485,690,.703,367,1164,429,163,118,558,685
112,Hofstra,34,24,10,.706,4.48,-2.46,12,6,10,2,9,8,2571,2246,1370,761,1967,.387,249,789,.316,475,668,.711,381,1149,418,171,115,343,570
113,Holy Cross,33,11,22,.333,-13.67,-6.80,5,13,6,8,4,14,2251,2418,1320,900,1896,.475,242,732,.331,376,509,.739,286,1129,450,209,100,323,512
114,Houston,34,28,6,.824,26.23,11.93,14,4,15,1,6,3,2623,2137,1365,710,1775,.400,233,726,.321,484,693,.698,362,1139,380,156,79,466,538
115,Houston Christian,32,12,20,.375,-9.76,-3.63,8,14,9,5,3,13,2147,2309,1285,847,1792,.473,234,671,.349,381,536,.711,328,1073,448,225,103,379,510
116,Howard,33,23,10,.697,-4.64,-11.85,11,3,11,4,7,6,2556,2236,1324,762,1822,.418,188,628,.299,524,742,.706,354,1045,347,197,130,498,658
117,Idaho,35,21,14,.600,-0.05,-2.70,9,9,9,4,7,9,2753,2540,1405,863,2003,.431,254,740,.343,560,759,.738,288,1158,402,221,96,379,653
118,Idaho State,33,13,20,.394,-5.54,-1.61,5,13,8,6,3,12,2459,2513,1326,880,1856,.474,245,694,.353,508,668,.760,272,970,427,218,97,330,633
119,Illinois,32,24,8,.750,26.45,11.89,15,5,14,3,8,2,2700,2234,1300,830,2024,.410,268,854,.314,306,417,.734,325,994,427,176,83,250,599
120,Illinois State,32,20,12,.625,6.30,0.85,12,8,13,2,5,7,2404,2190,1285,790,1810,.436,209,636,.329,401,587,.683,283,1032,402,191,89,353,555
Rk,School,G,W,L,W-L%,"Simple Rating SystemA rating that takes into account average point differential and strength of schedule. The rating is denominated in points above/below average, where zero is average. Non-Division I games are excluded from the ratings."" data-over-header=""Overall"" >SRS","Strength of ScheduleA rating of strength of schedule. The rating is denominated in points above/below average, where zero is average. Non-Division I games are excluded from the ratings."" data-over-header=""Overall"" >SOS",W,L,W,L,W,L,Tm.,Opp.,MP,FG,FGA,FG%,3P,3PA,3P%,FT,FTA,FT%,ORB,TRB,AST,STL,BLK,TOV,PF
121,Illinois-Chicago,34,19,15,.559,3.81,0.46,12,8,9,5,7,8,2567,2379,1380,811,1914,.424,289,879,.329,468,633,.739,363,1106,536,219,138,464,620
122,Incarnate Word,31,12,19,.387,-7.09,-2.51,7,15,9,6,2,12,2302,2285,1240,797,1698,.469,206,601,.343,485,677,.716,303,1009,407,185,101,330,513
123,Indiana,32,18,14,.563,16.70,10.70,9,11,14,4,3,8,2501,2309,1295,786,1833,.429,223,674,.331,514,678,.758,320,1036,385,177,90,325,551
124,Indiana State,32,11,21,.344,-2.70,0.70,4,16,8,7,3,12,2354,2383,1305,889,1990,.447,218,690,.316,387,561,.690,358,1149,387,258,130,343,489
125,Iona,32,18,14,.563,-7.27,-7.99,10,10,11,3,6,8,2363,2340,1305,840,1968,.427,245,801,.306,415,566,.733,373,1197,475,238,114,371,512
126,Iowa,33,21,12,.636,19.00,9.76,10,10,14,3,3,8,2482,2177,1325,749,1625,.461,214,635,.337,465,636,.731,265,941,382,168,86,441,577
127,Iowa State,34,27,7,.794,27.15,10.50,12,6,16,1,5,5,2781,2215,1360,794,1862,.426,256,797,.321,371,519,.715,316,1054,433,227,120,519,570
128,IU Indy,32,7,25,.219,-12.45,-4.15,3,17,5,9,2,15,2673,2825,1285,960,1887,.509,257,666,.386,648,876,.740,359,1223,506,244,98,497,468
129,Jackson State,33,12,21,.364,-19.48,-5.96,10,8,7,3,4,15,2318,2764,1330,928,2014,.461,278,800,.348,630,843,.747,443,1330,565,262,136,389,599
130,Jacksonville,32,12,20,.375,-10.72,-5.05,7,11,8,4,3,14,2339,2349,1290,812,1732,.469,210,612,.343,515,733,.703,284,986,406,213,82,331,522
131,Jacksonville State,32,15,17,.469,-3.46,-2.80,10,10,10,7,5,8,2325,2188,1290,726,1776,.409,239,759,.315,497,674,.737,309,1070,365,203,101,361,599
132,James Madison,33,18,15,.545,-4.96,-5.24,9,9,11,4,5,10,2460,2437,1330,822,1929,.426,239,735,.325,554,765,.724,356,1140,371,210,117,287,550
133,Kansas,33,23,10,.697,21.10,14.86,12,6,14,2,5,6,2496,2290,1330,810,2088,.388,269,877,.307,401,578,.694,409,1208,389,217,104,317,529
134,Kansas City,31,4,27,.129,-19.67,-1.92,1,15,3,11,1,15,2149,2600,1245,951,1968,.483,276,759,.364,422,597,.707,380,1241,497,247,113,370,543
135,Kansas State,32,12,20,.375,8.58,10.86,3,15,10,8,1,10,2546,2619,1280,924,2010,.460,261,775,.337,510,707,.721,388,1195,522,237,132,403,498
136,Kennesaw State,34,21,13,.618,0.13,-2.00,10,10,13,3,4,8,2834,2586,1370,824,2023,.407,255,768,.332,683,918,.744,384,1203,398,264,142,414,684
137,Kent State,33,24,9,.727,-0.10,-2.45,14,4,14,3,7,5,2808,2628,1345,883,2022,.437,299,873,.342,563,781,.721,353,1128,477,231,104,404,690
138,Kentucky,34,21,13,.618,19.80,12.86,10,8,14,4,4,6,2746,2510,1360,857,2016,.425,252,797,.316,544,745,.730,375,1171,473,225,109,376,615
139,La Salle,32,9,23,.281,-4.10,4.00,5,13,7,6,1,13,2148,2370,1280,852,1833,.465,281,775,.363,385,559,.689,339,1108,520,212,150,366,548
140,Lafayette,32,11,21,.344,-12.84,-6.58,8,10,6,10,5,11,2222,2381,1285,857,1857,.461,255,716,.356,412,559,.737,303,1145,506,174,114,342,555
Rk,School,G,W,L,W-L%,"Simple Rating SystemA rating that takes into account average point differential and strength of schedule. The rating is denominated in points above/below average, where zero is average. Non-Division I games are excluded from the ratings."" data-over-header=""Overall"" >SRS","Strength of ScheduleA rating of strength of schedule. The rating is denominated in points above/below average, where zero is average. Non-Division I games are excluded from the ratings."" data-over-header=""Overall"" >SOS",W,L,W,L,W,L,Tm.,Opp.,MP,FG,FGA,FG%,3P,3PA,3P%,FT,FTA,FT%,ORB,TRB,AST,STL,BLK,TOV,PF
141,Lamar,31,12,19,.387,-5.73,-3.66,7,15,7,8,5,10,2167,2143,1245,721,1661,.434,215,616,.349,486,708,.686,303,1028,414,234,101,369,478
142,Le Moyne,32,15,17,.469,-10.89,-9.31,10,8,9,4,5,12,2336,2341,1280,807,1925,.419,272,759,.358,455,619,.735,347,1126,443,242,97,345,563
143,Lehigh,34,18,16,.529,-9.32,-7.04,11,7,13,4,4,11,2490,2515,1405,908,2038,.446,214,657,.326,485,644,.753,371,1218,407,279,91,385,583
144,Liberty,32,25,7,.781,2.47,-1.57,17,3,14,2,10,2,2501,2253,1290,832,1842,.452,258,684,.377,331,464,.713,324,1067,384,170,91,359,501
145,Lindenwood,33,18,15,.545,-9.11,-8.44,11,9,9,5,7,9,2566,2398,1320,856,2020,.424,203,665,.305,483,717,.674,395,1216,408,274,126,468,586
146,Lipscomb,32,19,13,.594,-4.18,-4.78,12,6,13,1,6,11,2549,2423,1285,885,1950,.454,264,780,.338,389,546,.712,341,1154,405,209,99,413,491
147,Little Rock,32,12,20,.375,-12.97,-7.71,9,11,7,6,5,13,2257,2372,1280,843,1888,.447,262,757,.346,424,609,.696,404,1169,444,241,75,417,475
148,Long Beach State,32,10,22,.313,-5.51,0.26,6,14,7,9,3,13,2396,2489,1295,854,1816,.470,218,632,.345,563,750,.751,278,1093,447,213,86,418,540
149,Long Island University,34,24,10,.706,-4.96,-7.93,15,3,14,1,10,9,2519,2418,1365,874,1964,.445,208,652,.319,462,670,.690,389,1129,430,244,112,440,595
150,Longwood,32,16,16,.500,-8.22,-7.88,8,8,11,4,4,10,2486,2370,1315,813,1802,.451,252,775,.325,492,710,.693,303,1017,405,251,111,472,608
151,Louisiana,33,11,22,.333,-12.03,-5.03,7,11,7,8,3,13,2101,2332,1320,777,1683,.462,217,610,.356,561,771,.728,323,1142,386,165,87,387,499
152,Louisiana State,32,15,17,.469,12.69,9.75,3,15,9,8,3,7,2606,2512,1315,866,1960,.442,263,743,.354,517,741,.698,381,1107,401,215,104,314,607
153,Louisiana Tech,34,20,14,.588,-2.92,-2.98,11,9,14,3,4,10,2375,2210,1375,735,1871,.393,286,876,.326,454,652,.696,368,1124,409,226,127,415,546
154,Louisiana-Monroe,32,4,28,.125,-18.52,-4.86,1,17,3,11,1,15,2318,2685,1290,996,2057,.484,302,846,.357,391,555,.705,394,1276,563,239,128,363,602
155,Louisville,33,23,10,.697,23.41,10.83,11,7,15,2,4,7,2797,2382,1320,832,1964,.424,251,768,.327,467,656,.712,329,1093,402,216,118,391,585
156,Loyola (IL),33,9,24,.273,-6.13,2.84,4,14,6,10,1,9,2204,2500,1325,845,1926,.439,314,853,.368,496,648,.765,332,1108,518,237,130,282,554
157,Loyola (MD),32,12,20,.375,-13.33,-8.49,8,10,8,6,3,13,2407,2466,1300,891,1891,.471,238,736,.323,446,614,.726,305,1129,494,196,83,342,517
158,Loyola Marymount,32,15,17,.469,1.08,1.50,6,12,10,8,4,7,2376,2306,1295,804,1906,.422,238,703,.339,460,614,.749,360,1142,410,196,79,375,555
159,Maine,32,8,24,.250,-16.91,-9.59,6,10,4,8,4,14,2001,2190,1280,795,1766,.450,193,651,.296,407,592,.688,358,1178,417,200,87,415,548
160,Manhattan,32,12,20,.375,-15.10,-7.90,8,12,7,7,3,12,2369,2526,1295,936,2010,.466,280,768,.365,374,513,.729,411,1224,572,181,124,370,544
Rk,School,G,W,L,W-L%,"Simple Rating SystemA rating that takes into account average point differential and strength of schedule. The rating is denominated in points above/below average, where zero is average. Non-Division I games are excluded from the ratings."" data-over-header=""Overall"" >SRS","Strength of ScheduleA rating of strength of schedule. The rating is denominated in points above/below average, where zero is average. Non-Division I games are excluded from the ratings."" data-over-header=""Overall"" >SOS",W,L,W,L,W,L,Tm.,Opp.,MP,FG,FGA,FG%,3P,3PA,3P%,FT,FTA,FT%,ORB,TRB,AST,STL,BLK,TOV,PF
161,Marist,31,19,12,.613,-3.63,-8.60,12,8,11,4,7,7,2160,1979,1245,684,1698,.403,177,626,.283,434,624,.696,312,1058,315,202,97,398,450
162,Marquette,32,12,20,.375,9.22,9.84,7,13,10,7,2,10,2405,2425,1295,852,1932,.441,250,764,.327,471,619,.761,393,1233,513,221,113,438,544
163,Marshall,32,19,13,.594,-2.83,-4.41,11,7,13,4,6,8,2596,2497,1280,835,1930,.433,258,771,.335,569,785,.725,407,1163,384,227,86,374,541
164,Maryland,33,12,21,.364,4.80,11.68,4,16,7,8,2,10,2300,2527,1325,873,1874,.466,293,807,.363,488,670,.728,314,1101,534,210,116,330,574
165,Maryland-Baltimore County,32,24,8,.750,-4.40,-11.86,14,2,15,2,9,6,2439,2144,1290,806,1903,.424,217,701,.310,315,467,.675,294,1058,333,173,74,329,491
166,Maryland-Eastern Shore,32,9,23,.281,-17.48,-8.35,5,9,6,4,2,18,2060,2265,1305,754,1726,.437,226,684,.330,531,718,.740,345,1029,416,288,95,384,531
167,Massachusetts,33,17,16,.515,-2.14,-3.23,7,11,11,5,2,8,2648,2562,1350,851,1881,.452,261,806,.324,599,823,.728,283,1057,498,246,99,406,625
168,Massachusetts-Lowell,33,15,18,.455,-14.12,-8.42,9,7,10,4,5,14,2471,2518,1320,940,2030,.463,248,735,.337,390,544,.717,327,1088,446,262,133,329,556
169,McNeese,33,28,5,.848,7.74,-2.06,19,3,14,0,9,5,2641,2193,1335,708,1741,.407,269,831,.324,508,701,.725,385,1114,399,149,81,559,585
170,Memphis,32,13,19,.406,3.95,5.42,8,10,10,6,3,10,2407,2454,1290,804,1908,.421,252,825,.305,592,809,.732,421,1190,440,260,135,427,582
171,Mercer,32,19,13,.594,-2.87,-5.21,11,7,14,1,5,11,2646,2416,1280,857,1987,.431,281,827,.340,421,562,.749,391,1164,397,197,100,406,604
172,Mercyhurst,34,17,17,.500,-9.86,-9.46,10,8,12,3,5,14,2358,2291,1381,790,1794,.440,197,611,.322,514,745,.690,328,1173,408,173,84,431,517
173,Merrimack,34,23,11,.676,-4.27,-6.33,17,3,11,0,9,8,2330,2260,1375,782,1873,.418,185,611,.303,511,695,.735,464,1299,445,158,127,446,565
174,Miami (FL),33,25,8,.758,18.04,7.28,13,5,15,3,8,2,2704,2349,1320,844,1897,.445,275,776,.354,384,551,.697,295,984,458,221,138,420,595
175,Miami (OH),32,31,1,.969,5.37,-5.49,18,0,16,0,14,0,2902,2409,1300,869,1994,.436,243,748,.325,428,580,.738,334,1073,407,199,77,412,623
176,Michigan,34,31,3,.912,32.48,14.86,19,1,14,1,11,0,2952,2353,1366,828,2155,.384,272,901,.302,425,566,.751,377,1060,387,218,112,377,662
177,Michigan State,32,25,7,.781,23.44,12.91,15,5,15,2,6,4,2526,2189,1290,746,1818,.410,275,836,.329,422,562,.751,254,905,421,209,97,318,599
178,Middle Tennessee,32,17,15,.531,0.23,1.36,11,9,11,4,5,8,2414,2329,1310,820,1859,.441,214,651,.329,475,643,.739,315,1092,385,205,82,354,503
179,Milwaukee,32,12,20,.375,-7.52,-2.26,8,12,8,6,3,14,2440,2548,1280,890,1854,.480,274,752,.364,494,674,.733,300,1096,500,183,115,358,
Rk,School,G,W,L,W-L%,"Simple Rating SystemA rating that takes into account average point differential and strength of schedule. The rating is denominated in points above/below average, where zero is average. Non-Division I games are excluded from the ratings."" data-over-header=""Overall"" >SRS","Strength of ScheduleA rating of strength of schedule. The rating is denominated in points above/below average, where zero is average. Non-Division I games are excluded from the ratings."" data-over-header=""Overall"" >SOS",W,L,W,L,W,L,Tm.,Opp.,MP,FG,FGA,FG%,3P,3PA,3P%,FT,FTA,FT%,ORB,TRB,AST,STL,BLK,TOV,PF
181,Mississippi,35,15,20,.429,11.13,11.36,4,14,7,9,3,7,2656,2664,1425,885,2040,.434,291,870,.334,603,841,.717,411,1300,508,208,108,400,608
182,Mississippi State,32,13,19,.406,7.27,11.46,5,13,8,8,4,6,2484,2618,1295,918,2075,.442,278,819,.339,504,670,.752,381,1235,478,220,133,296,534
183,Mississippi Valley State,33,3,30,.091,-28.36,-7.89,2,16,2,9,1,18,2120,2739,1331,876,1853,.473,289,784,.369,698,928,.752,379,1215,520,286,113,404,571
184,Missouri,32,20,12,.625,13.08,8.77,10,8,15,3,5,7,2549,2411,1290,814,1868,.436,294,805,.365,489,655,.747,351,1025,422,210,114,365,594
185,Missouri State,34,16,18,.471,-2.67,-1.41,8,12,11,7,3,10,2551,2502,1380,874,1926,.454,229,677,.338,525,740,.709,356,1146,432,223,149,389,632
186,Monmouth,34,19,15,.559,-2.11,-3.14,11,7,10,4,6,9,2471,2409,1375,850,1959,.434,257,754,.341,452,623,.726,384,1204,430,213,113,464,576
187,Montana,34,18,16,.529,-2.33,-0.47,10,8,11,6,5,9,2627,2535,1360,904,2101,.430,256,808,.317,471,665,.708,355,1151,435,263,92,352,580
188,Montana State,32,18,14,.563,1.09,-1.05,12,6,11,2,6,11,2493,2285,1290,840,1867,.450,211,634,.333,394,517,.762,285,1045,362,171,75,359,522
189,Morehead State,33,20,13,.606,-11.13,-7.56,15,5,11,2,7,10,2484,2466,1330,862,1979,.436,267,771,.346,475,668,.711,408,1117,478,227,114,362,608
190,Morgan State,30,14,16,.467,-19.26,-10.93,10,4,9,6,5,9,2258,2347,1207,791,1721,.460,173,550,.315,592,861,.688,352,1103,442,197,108,363,581
191,Mount St. Mary's,32,15,17,.469,-10.35,-7.22,11,9,8,5,7,11,2178,2244,1285,732,1847,.396,271,832,.326,509,675,.754,347,1068,393,275,84,351,498
192,Murray State,32,20,12,.625,3.90,0.49,12,8,12,3,5,6,2667,2558,1280,945,1997,.473,198,546,.363,470,657,.715,360,1120,413,218,88,371,640
193,Navy,33,26,7,.788,-0.87,-9.90,17,1,15,2,10,4,2465,2105,1335,750,1852,.405,255,855,.298,350,471,.743,305,1010,393,203,89,408,632
194,NC State,33,20,13,.606,18.02,10.83,10,8,11,6,6,4,2762,2525,1335,863,1919,.450,310,870,.356,489,701,.698,354,1171,426,170,105,422,560
195,Nebraska,32,26,6,.813,21.54,10.48,15,5,16,2,7,3,2473,2119,1290,754,1865,.404,275,919,.299,336,463,.726,320,1109,456,162,86,416,500
196,Nevada,34,22,12,.647,10.17,5.81,12,8,15,2,4,8,2582,2434,1380,816,1862,.438,269,790,.341,533,750,.711,315,1126,453,201,124,400,703
197,Nevada-Las Vegas,33,17,16,.515,5.63,6.10,11,9,10,6,6,6,2620,2593,1335,863,1893,.456,246,697,.353,621,853,.728,360,1147,487,211,99,420,648
198,New Hampshire,30,9,21,.300,-16.98,-7.26,5,11,8,5,1,16,2076,2238,1230,788,1712,.460,211,625,.338,451,612,.737,263,1110,378,182,113,338,490
199,New Haven,31,14,17,.452,-13.65,-7.69,9,9,9,6,5,11,2013,2055,1240,746,1676,.445,215,636,.338,348,461,.755,256,1026,358,178,71,353,474
200,New Mexico,33,23,10,.697,13.52,5.05,13,7,14,3,7,5,2658,2337,1320,792,1885,.420,270,901,.300,483,659,.733,318,1126,431,203,98,450,631
Rk,School,G,W,L,W-L%,"Simple Rating SystemA rating that takes into account average point differential and strength of schedule. The rating is denominated in points above/below average, where zero is average. Non-Division I games are excluded from the ratings."" data-over-header=""Overall"" >SRS","Strength of ScheduleA rating of strength of schedule. The rating is denominated in points above/below average, where zero is average. Non-Division I games are excluded from the ratings."" data-over-header=""Overall"" >SOS",W,L,W,L,W,L,Tm.,Opp.,MP,FG,FGA,FG%,3P,3PA,3P%,FT,FTA,FT%,ORB,TRB,AST,STL,BLK,TOV,PF
201,New Mexico State,32,16,16,.500,-1.29,-1.35,8,12,10,5,3,8,2403,2303,1295,747,1820,.410,237,762,.311,572,793,.721,349,1144,357,193,107,355,546
202,New Orleans,33,15,18,.455,-3.96,-0.81,12,10,5,6,9,11,2459,2563,1330,862,2028,.425,264,815,.324,575,802,.717,440,1161,520,257,118,344,683
203,Niagara,30,8,22,.267,-16.27,-7.85,5,15,6,7,2,14,1916,2137,1205,744,1628,.457,229,658,.348,420,540,.778,306,1008,390,200,88,319,455
204,Nicholls State,33,14,19,.424,-6.77,-2.05,12,10,6,6,7,12,2388,2471,1320,855,1808,.473,240,696,.345,521,668,.780,338,1180,480,207,106,477,553
205,NJIT,33,16,17,.485,-15.76,-8.26,10,6,8,6,8,11,2212,2417,1322,833,1922,.433,254,780,.326,497,716,.694,378,1253,437,212,101,377,550
206,Norfolk State,32,15,17,.469,-13.57,-10.53,8,6,9,4,5,10,2445,2362,1280,781,1768,.442,244,751,.325,556,770,.722,324,1050,452,225,123,436,596
207,North Alabama,30,9,21,.300,-15.65,-5.51,4,14,5,8,4,12,2082,2328,1210,827,1748,.473,275,757,.363,399,522,.764,306,1025,461,218,106,297,530
208,North Carolina,32,24,8,.750,19.39,10.92,12,6,18,0,4,6,2553,2282,1280,844,2019,.418,257,746,.345,337,481,.701,341,1095,406,184,98,300,584
209,North Carolina A&T,30,11,19,.367,-9.56,-4.96,4,14,6,6,4,11,2252,2335,1205,814,1793,.454,248,681,.364,459,664,.691,308,992,467,203,89,299,603
210,North Carolina Central,32,14,18,.438,-18.15,-8.50,8,6,8,5,4,12,2299,2415,1285,833,1813,.459,261,736,.355,488,684,.713,414,1178,478,200,135,476,567
211,North Dakota,35,18,17,.514,-8.93,-3.52,10,6,9,7,7,8,2680,2705,1410,915,1912,.479,296,819,.361,579,825,.702,349,1264,540,181,108,502,639
212,North Dakota State,34,27,7,.794,2.50,-5.79,14,2,13,1,10,5,2745,2366,1380,842,1924,.438,284,849,.335,398,537,.741,284,1076,456,220,103,466,543
213,North Florida,32,7,25,.219,-15.41,-2.98,5,13,5,8,2,14,2547,2821,1285,1037,2122,.489,290,829,.350,457,649,.704,431,1251,535,251,114,321,515
214,North Texas,33,19,14,.576,2.08,1.14,9,9,12,5,5,7,2341,2225,1350,735,1743,.422,206,673,.306,549,773,.710,364,1162,362,209,140,498,591
215,Northeastern,31,7,24,.226,-8.88,-2.82,2,16,2,10,3,13,2322,2510,1245,874,1745,.501,220,614,.358,540,731,.739,295,1084,439,201,110,364,504
216,Northern Arizona,32,10,22,.313,-10.73,-1.22,4,14,9,7,1,13,2282,2445,1280,877,1818,.482,275,720,.382,416,573,.726,332,1125,435,181,93,373,529
217,Northern Colorado,32,20,12,.625,0.30,-2.46,10,8,11,3,8,7,2640,2449,1300,856,1921,.446,203,673,.302,534,704,.759,271,1023,317,194,79,298,490
218,Northern Illinois,30,9,21,.300,-14.77,-2.24,4,14,6,7,3,14,2086,2334,1200,822,1710,.481,233,661,.352,457,628,.728,279,1017,441,242,130,350,538
219,Northern Iowa,35,23,12,.657,8.49,1.49,11,9,12,5,6,6,2447,2144,1410,766,1884,.407,224,785,.285,388,540,.719,310,1156,378,202,91,416,507
220,Northern Kentucky,34,20,14,.588,-2.45,-4.67,10,10,12,5,7,8,2827,2634,1370,926,2020,.458,277,783,.354,505,709,.712,365,1184,480,220,84,468,652
Rk,School,G,W,L,W-L%,"Simple Rating SystemA rating that takes into account average point differential and strength of schedule. The rating is denominated in points above/below average, where zero is average. Non-Division I games are excluded from the ratings."" data-over-header=""Overall"" >SRS","Strength of ScheduleA rating of strength of schedule. The rating is denominated in points above/below average, where zero is average. Non-Division I games are excluded from the ratings."" data-over-header=""Overall"" >SOS",W,L,W,L,W,L,Tm.,Opp.,MP,FG,FGA,FG%,3P,3PA,3P%,FT,FTA,FT%,ORB,TRB,AST,STL,BLK,TOV,PF
221,Northwestern,34,15,19,.441,12.61,11.43,5,15,9,7,3,8,2487,2447,1365,848,1916,.443,257,770,.334,494,667,.741,387,1177,541,163,82,391,554
222,Northwestern State,32,10,22,.313,-9.31,-2.47,8,14,8,6,2,15,2185,2317,1285,818,1782,.459,239,673,.355,442,635,.696,339,1099,425,220,106,362,599
223,Notre Dame,31,13,18,.419,9.05,9.93,4,14,10,7,2,9,2308,2335,1260,784,1785,.439,281,846,.332,486,646,.752,288,1043,434,192,89,293,560
224,Oakland,32,16,16,.500,-1.35,-0.12,12,8,7,6,8,9,2642,2614,1280,978,2073,.472,293,862,.340,365,504,.724,395,1163,643,176,148,359,602
225,Ohio,32,15,17,.469,-4.65,-1.35,9,9,10,6,4,8,2492,2515,1290,879,1905,.461,238,656,.363,519,713,.728,357,1156,427,192,86,378,616
226,Ohio State,33,21,12,.636,19.06,12.06,12,8,14,3,5,6,2633,2402,1335,833,1896,.439,242,765,.316,494,665,.743,338,1029,445,181,98,350,623
227,Oklahoma,34,19,15,.559,15.02,9.37,7,11,11,5,4,7,2813,2621,1370,911,2051,.444,279,815,.342,520,698,.745,406,1182,462,193,115,359,600
228,Oklahoma State,33,19,14,.576,11.93,10.57,6,12,14,5,2,7,2781,2736,1335,962,2124,.453,322,908,.355,490,690,.710,387,1222,549,225,138,395,614
229,Old Dominion,33,12,21,.364,-7.19,-4.19,7,11,7,6,4,14,2514,2570,1330,869,1960,.443,228,711,.321,604,816,.740,357,1229,447,213,137,340,574
230,Omaha,33,16,17,.485,-7.25,-3.49,8,8,10,4,5,10,2507,2522,1325,882,1980,.445,302,927,.326,456,624,.731,327,1127,472,206,108,327,562
231,Oral Roberts,33,10,23,.303,-10.11,-2.21,4,12,7,8,1,13,2420,2558,1330,888,1957,.454,257,722,.356,525,754,.696,358,1170,408,253,102,360,575
232,Oregon,32,12,20,.375,8.95,12.04,5,15,10,7,2,8,2267,2366,1285,817,1863,.439,262,785,.334,470,597,.787,354,1103,432,220,99,336,529
233,Oregon State,33,17,16,.515,0.78,3.81,9,9,12,5,4,7,2347,2447,1340,840,1931,.435,264,802,.329,503,678,.742,372,1149,468,238,91,340,653
234,Pacific,33,18,15,.545,4.34,2.83,8,10,11,3,4,11,2399,2271,1325,771,1825,.422,266,775,.343,463,659,.703,287,980,384,213,122,340,515
235,Penn State,32,12,20,.375,3.98,9.64,3,17,9,8,2,9,2358,2539,1280,920,1840,.500,310,799,.388,389,506,.769,299,1059,556,186,109,382,540
236,Pennsylvania,29,18,11,.621,-0.50,-1.72,9,5,12,2,4,8,2207,2126,1170,791,1754,.451,220,693,.317,324,484,.669,311,1047,427,178,109,363,549
237,Pepperdine,32,9,23,.281,-5.86,3.44,4,14,7,10,2,11,2312,2546,1290,927,1975,.469,288,803,.359,404,559,.723,367,1149,515,244,119,369,586
238,Pittsburgh,33,13,20,.394,8.58,9.88,5,13,8,10,3,8,2327,2370,1330,838,1816,.461,262,744,.352,432,562,.769,292,1055,434,203,100,348,524
239,Portland,34,15,19,.441,-2.08,3.95,6,12,12,6,1,12,2530,2669,1370,914,2063,.443,346,958,.361,495,663,.747,379,1157,611,254,79,409,611
240,Portland State,31,20,11,.645,0.06,-2.66,13,5,11,3,8,7,2376,2179,1250,713,1709,.417,220,683,.322,533,720,.740,275,1015,376,197,83,397,552
Rk,School,G,W,L,W-L%,"Simple Rating SystemA rating that takes into account average point differential and strength of schedule. The rating is denominated in points above/below average, where zero is average. Non-Division I games are excluded from the ratings."" data-over-header=""Overall"" >SRS","Strength of ScheduleA rating of strength of schedule. The rating is denominated in points above/below average, where zero is average. Non-Division I games are excluded from the ratings."" data-over-header=""Overall"" >SOS",W,L,W,L,W,L,Tm.,Opp.,MP,FG,FGA,FG%,3P,3PA,3P%,FT,FTA,FT%,ORB,TRB,AST,STL,BLK,TOV,PF
241,Prairie View A&M,35,18,17,.514,-12.74,-9.93,9,9,10,3,3,13,2761,2662,1405,902,2065,.437,239,714,.335,619,859,.721,417,1320,434,227,113,535,721
242,Presbyterian,33,15,18,.455,-8.31,-5.21,7,9,10,4,3,13,2388,2382,1335,832,1876,.443,236,675,.350,482,697,.692,333,1040,404,230,104,357,579
243,Princeton,29,9,20,.310,-6.92,-1.95,5,9,8,4,1,12,1989,2087,1170,739,1639,.451,213,683,.312,396,547,.724,271,974,370,192,89,272,473
244,Providence,33,15,18,.455,10.84,9.53,7,13,10,6,3,8,2815,2772,1355,978,2194,.446,298,845,.353,518,718,.721,405,1186,535,254,105,321,615
245,Purdue,35,27,8,.771,25.64,14.13,13,7,12,5,8,3,2858,2455,1405,888,1991,.446,306,895,.342,373,518,.720,303,995,511,179,82,358,592
246,Purdue Fort Wayne,32,17,15,.531,-7.27,-2.72,11,9,11,4,6,11,2499,2467,1280,885,1898,.466,303,831,.365,394,519,.759,347,1177,488,160,87,442,515
247,Queens (NC),34,21,13,.618,-3.30,-4.97,13,5,12,2,6,10,2886,2820,1370,970,2082,.466,290,819,.354,590,806,.732,398,1202,462,222,99,370,646
248,Quinnipiac,32,19,13,.594,-5.48,-7.03,12,8,10,5,9,7,2411,2303,1290,821,1933,.425,235,690,.341,426,581,.733,354,1128,430,207,147,394,523
249,Radford,32,16,16,.500,-7.12,-6.19,9,7,12,5,4,8,2604,2523,1300,871,1914,.455,256,725,.353,525,728,.721,355,1180,466,233,102,445,639
250,Rhode Island,32,16,16,.500,2.43,0.74,7,11,10,6,4,7,2236,2182,1290,721,1668,.432,240,692,.347,500,710,.704,333,1086,390,253,101,449,595
251,Rice,31,13,18,.419,-4.48,0.28,7,11,8,8,4,9,2291,2311,1260,792,1808,.438,218,658,.331,509,699,.728,372,1137,373,235,109,347,539
252,Richmond,32,15,17,.469,2.26,0.29,5,13,11,7,3,8,2455,2366,1285,812,1836,.442,272,840,.324,470,657,.715,341,1159,389,169,80,395,571
253,Rider,29,4,25,.138,-19.14,-5.00,3,17,4,9,0,16,1840,2204,1160,782,1676,.467,251,672,.374,389,545,.714,320,1065,423,189,99,296,454
254,Robert Morris,33,22,11,.667,-1.29,-4.71,13,7,14,3,8,7,2555,2379,1345,802,1840,.436,222,672,.330,553,727,.761,317,1008,419,234,111,372,543
255,Rutgers,33,14,19,.424,4.91,9.46,6,14,10,7,2,9,2329,2479,1336,880,1912,.460,267,745,.358,452,600,.753,360,1190,515,186,122,379,591
256,Sacramento State,31,10,21,.323,-7.79,-0.08,6,12,10,4,0,16,2408,2542,1245,885,1928,.459,285,838,.340,487,671,.726,360,1235,516,208,99,383,594
257,Sacred Heart,33,14,19,.424,-11.27,-8.05,9,11,8,5,5,13,2482,2528,1325,921,2021,.456,308,880,.350,378,542,.697,358,1165,553,229,86,340,507
258,Saint Francis (PA),31,7,24,.226,-18.86,-5.83,5,13,5,8,2,14,2216,2510,1245,886,1801,.492,268,729,.368,470,659,.713,321,1127,493,204,117,397,518
259,Saint Joseph's,33,22,11,.667,2.65,0.98,13,5,13,3,6,7,2419,2306,1325,840,2065,.407,262,828,.316,362,529,.684,392,1183,436,227,121,339,500
260,Saint Louis,33,28,5,.848,17.27,1.52,15,3,19,0,7,3,2879,2294,1320,756,1997,.379,244,829,.294,538,736,.731,353,1070,389,243,112,386,545
Rk,School,G,W,L,W-L%,"Simple Rating SystemA rating that takes into account average point differential and strength of schedule. The rating is denominated in points above/below average, where zero is average. Non-Division I games are excluded from the ratings."" data-over-header=""Overall"" >SRS","Strength of ScheduleA rating of strength of schedule. The rating is denominated in points above/below average, where zero is average. Non-Division I games are excluded from the ratings."" data-over-header=""Overall"" >SOS",W,L,W,L,W,L,Tm.,Opp.,MP,FG,FGA,FG%,3P,3PA,3P%,FT,FTA,FT%,ORB,TRB,AST,STL,BLK,TOV,PF
261,Saint Mary's,32,27,5,.844,17.87,5.54,16,2,17,0,8,2,2502,2066,1280,755,1862,.405,210,680,.309,346,480,.721,277,931,398,171,107,330,582
262,Saint Peter's,29,17,12,.586,-7.45,-7.59,14,6,13,1,4,10,2054,1984,1170,643,1527,.421,175,541,.323,523,703,.744,330,1004,345,177,102,398,510
263,Sam Houston,33,22,11,.667,3.57,-0.43,13,7,13,1,6,9,2714,2447,1320,846,1996,.424,263,842,.312,492,703,.700,365,1120,425,213,104,383,569
264,Samford,32,18,14,.563,-5.26,-6.09,11,7,11,3,6,9,2525,2409,1295,855,1933,.442,249,694,.359,450,607,.741,293,1138,394,169,98,295,625
265,San Diego,33,12,21,.364,-3.48,2.56,5,13,9,8,2,11,2458,2570,1335,903,1905,.474,244,762,.320,520,708,.734,362,1179,516,235,109,440,528
266,San Diego State,33,22,11,.667,13.62,8.12,14,6,14,2,5,5,2580,2342,1345,756,1890,.400,300,896,.335,528,725,.728,369,1123,439,223,78,472,589
267,San Francisco,33,17,16,.515,4.39,4.23,8,10,9,6,4,7,2464,2414,1330,873,1968,.444,238,701,.340,430,579,.743,329,1107,459,206,89,323,632
268,San Jose State,33,9,24,.273,-1.99,6.41,3,17,6,10,1,12,2376,2591,1325,913,1849,.494,259,725,.357,506,648,.781,350,1144,524,179,95,378,547
269,Santa Clara,34,26,8,.765,15.88,6.06,15,3,14,1,8,3,2817,2463,1360,852,1891,.451,237,725,.327,522,711,.734,361,1130,518,218,100,478,522
270,Seattle,33,20,13,.606,4.42,2.71,8,10,13,4,5,7,2373,2211,1326,772,1854,.416,226,697,.324,441,597,.739,345,1184,419,221,105,487,583
271,Seton Hall,33,21,12,.636,13.45,8.45,10,10,12,5,6,5,2321,2156,1320,700,1732,.404,237,731,.324,519,729,.712,360,1104,408,207,123,471,578
272,Siena,34,23,11,.676,-4.34,-9.19,13,7,9,4,9,7,2398,2233,1365,805,1909,.422,246,750,.328,377,520,.725,337,1075,389,226,123,375,563
273,South Alabama,32,21,11,.656,-4.39,-6.76,11,7,10,4,8,6,2387,2234,1305,745,1923,.387,405,1244,.326,339,465,.729,371,1177,525,178,127,399,542
274,South Carolina,32,13,19,.406,7.62,9.16,4,14,11,8,2,8,2398,2447,1295,881,1921,.459,219,688,.318,466,653,.714,353,1147,504,205,114,322,555
275,South Carolina State,32,10,22,.313,-21.79,-8.63,7,7,6,5,3,16,2147,2522,1280,824,1765,.467,226,667,.339,648,885,.732,364,1119,475,242,108,431,624
276,South Carolina Upstate,32,13,19,.406,-10.24,-5.55,5,11,10,5,3,13,2376,2357,1300,828,1913,.433,238,698,.341,463,665,.696,359,1188,367,234,131,389,555
277,South Dakota,32,16,16,.500,-8.60,-4.88,8,8,12,5,3,10,2547,2566,1300,963,1967,.490,202,601,.336,438,597,.734,313,1103,412,225,108,373,654
278,South Dakota State,32,14,18,.438,-3.09,-2.95,7,9,9,4,4,9,2413,2331,1285,796,1843,.432,295,870,.339,444,603,.736,272,1038,427,208,86,327,544
279,South Florida,33,25,8,.758,13.29,2.60,15,3,13,2,9,3,2895,2492,1345,839,2033,.413,272,803,.339,542,773,.701,412,1244,430,209,158,471,651
280,Southeast Missouri State,33,20,13,.606,-6.85,-7.82,14,6,10,5,8,7,2460,2331,1325,771,1813,.425,192,597,.322,597,814,.733,305,1083,330,233,113,437,592
Rk,School,G,W,L,W-L%,"Simple Rating SystemA rating that takes into account average point differential and strength of schedule. The rating is denominated in points above/below average, where zero is average. Non-Division I games are excluded from the ratings."" data-over-header=""Overall"" >SRS","Strength of ScheduleA rating of strength of schedule. The rating is denominated in points above/below average, where zero is average. Non-Division I games are excluded from the ratings."" data-over-header=""Overall"" >SOS",W,L,W,L,W,L,Tm.,Opp.,MP,FG,FGA,FG%,3P,3PA,3P%,FT,FTA,FT%,ORB,TRB,AST,STL,BLK,TOV,PF
281,Southeastern Louisiana,31,9,22,.290,-9.31,-2.84,6,16,5,7,2,15,2016,2184,1245,741,1643,.451,220,625,.352,482,657,.734,304,1072,397,211,95,397,561
282,Southern,34,17,17,.500,-10.98,-6.95,11,7,8,4,7,12,2707,2650,1375,888,1965,.452,262,744,.352,612,809,.756,353,1199,475,220,135,498,643
283,Southern California,32,18,14,.563,10.58,11.16,7,13,9,7,5,6,2515,2494,1305,865,1992,.434,255,808,.316,509,658,.774,369,1099,473,238,105,382,662
284,Southern Illinois,32,16,16,.500,3.09,0.86,10,10,8,6,7,8,2336,2226,1295,793,1876,.423,235,779,.302,405,590,.686,318,1122,412,220,114,424,547
285,SIU Edwardsville,32,19,13,.594,-8.46,-10.25,12,8,10,5,8,7,2271,2070,1290,718,1817,.395,208,698,.298,426,605,.704,359,1119,326,224,98,392,492
286,Southern Indiana,30,7,23,.233,-16.23,-8.98,4,16,3,10,4,11,2061,2210,1210,790,1791,.441,167,491,.340,463,634,.730,364,1197,317,200,146,342,527
287,Southern Methodist,33,20,13,.606,17.27,10.66,8,10,15,3,3,8,2779,2561,1330,884,2036,.434,325,960,.339,468,652,.718,387,1126,536,222,101,403,569
288,Southern Mississippi,35,19,16,.543,-5.39,-4.51,9,9,10,3,4,11,2615,2585,1410,861,1980,.435,264,779,.339,599,844,.710,354,1171,406,246,146,435,678
289,Southern Utah,32,10,22,.313,-9.19,-0.22,6,12,7,6,2,15,2442,2544,1285,945,2041,.463,215,594,.362,439,617,.712,373,1153,429,278,118,347,564
290,St. Bonaventure,34,17,17,.500,2.40,1.67,4,14,9,7,4,7,2596,2532,1370,880,1934,.455,281,787,.357,491,650,.755,337,1090,493,215,113,402,537
291,St. John's (NY),34,28,6,.824,22.42,10.83,18,2,15,2,9,1,2773,2379,1365,852,2025,.421,214,683,.313,461,643,.717,376,1169,402,211,132,469,691
292,St. Thomas,33,24,9,.727,3.27,-5.30,12,4,14,1,8,6,2728,2366,1320,847,1962,.432,250,816,.306,422,566,.746,309,1117,454,169,83,392,586
293,Stanford,32,20,12,.625,12.55,9.27,9,9,12,6,5,5,2431,2326,1280,797,1751,.455,198,587,.337,534,706,.756,309,1063,340,157,99,398,585
294,Stephen F. Austin,33,28,5,.848,4.06,-4.62,20,2,15,1,12,3,2520,2176,1320,791,1865,.424,195,649,.300,399,553,.722,319,1091,366,170,117,390,501
295,Stetson,33,12,21,.364,-12.70,-4.70,7,11,9,5,2,14,2431,2631,1325,953,2000,.477,282,819,.344,441,597,.739,349,1151,517,262,77,340,549
296,Stonehill,33,12,21,.364,-14.60,-9.28,8,10,8,5,4,15,2191,2263,1340,823,1972,.417,217,655,.331,400,599,.668,323,1164,357,242,147,310,501
297,Stony Brook,32,17,15,.531,-5.46,-3.69,9,9,12,4,4,9,2295,2277,1295,787,1843,.427,256,729,.351,447,631,.708,366,1201,421,217,120,384,500
298,Syracuse,32,15,17,.469,10.28,9.53,6,12,12,6,2,7,2400,2376,1305,846,1916,.442,234,687,.341,450,624,.721,387,1183,448,220,93,385,579
299,Tarleton State,32,14,18,.438,-4.76,-1.48,5,13,10,6,4,11,2385,2349,1295,767,1709,.449,235,689,.341,580,798,.727,347,1102,419,231,132,561,634
300,Temple,32,16,16,.500,1.04,-0.76,8,10,10,6,5,6,2366,2264,1285,798,1795,.445,212,654,.324,456,643,.709,320,1074,394,171,130,328,586
Rk,School,G,W,L,W-L%,"Simple Rating SystemA rating that takes into account average point differential and strength of schedule. The rating is denominated in points above/below average, where zero is average. Non-Division I games are excluded from the ratings."" data-over-header=""Overall"" >SRS","Strength of ScheduleA rating of strength of schedule. The rating is denominated in points above/below average, where zero is average. Non-Division I games are excluded from the ratings."" data-over-header=""Overall"" >SOS",W,L,W,L,W,L,Tm.,Opp.,MP,FG,FGA,FG%,3P,3PA,3P%,FT,FTA,FT%,ORB,TRB,AST,STL,BLK,TOV,PF
301,Tennessee,33,22,11,.667,22.08,11.99,11,7,14,3,5,5,2622,2289,1335,775,1894,.409,257,841,.306,482,686,.703,339,983,352,236,129,366,624
302,Tennessee State,32,23,9,.719,-4.54,-8.68,15,5,10,2,10,7,2577,2347,1285,809,1823,.444,221,674,.328,508,710,.715,317,1077,404,240,103,469,538
303,Tennessee Tech,31,13,18,.419,-13.25,-7.89,8,12,8,6,5,12,2272,2308,1240,827,1882,.439,238,689,.345,416,564,.738,335,1050,429,239,113,342,521
304,Tennessee-Martin,33,22,11,.667,-5.92,-9.06,13,7,12,3,8,6,2303,2085,1325,717,1840,.390,216,740,.292,435,628,.693,372,1102,388,298,105,455,574
305,Texas,32,18,14,.563,16.17,10.30,9,9,12,5,4,6,2681,2458,1290,837,1864,.449,223,620,.360,561,761,.737,295,969,381,215,120,302,682
306,Texas A&M,32,21,11,.656,16.76,8.60,11,7,14,4,6,5,2807,2546,1310,878,1987,.442,261,824,.317,529,707,.748,393,1214,494,212,127,434,601
307,Texas A&M-Corpus Christi,33,18,15,.545,-2.48,-1.62,13,9,10,5,7,9,2393,2234,1325,744,1739,.428,187,619,.302,559,792,.706,303,1055,360,240,129,450,602
308,Texas Christian,33,22,11,.667,15.75,9.51,11,7,14,5,5,5,2584,2378,1335,856,1920,.446,247,732,.337,419,583,.719,323,1105,522,205,125,457,628
309,Texas Southern,30,12,18,.400,-14.05,-7.98,10,8,9,5,3,12,2251,2339,1221,774,1756,.441,250,748,.334,541,766,.706,325,1071,417,238,95,373,550
310,Texas State,32,19,13,.594,-7.26,-6.69,11,7,16,1,3,9,2365,2271,1295,780,1757,.444,230,664,.346,481,684,.703,299,988,342,252,136,418,522
311,Texas Tech,32,22,10,.688,21.95,14.17,12,6,14,2,5,5,2573,2324,1285,845,1924,.439,212,674,.315,422,608,.694,350,1090,351,193,74,321,517
312,Texas-Rio Grande Valley,33,19,14,.576,0.93,-2.20,14,8,10,5,8,8,2505,2293,1335,786,1899,.414,222,733,.303,499,720,.693,379,1127,454,212,103,366,521
313,The Citadel,33,11,22,.333,-16.51,-5.91,7,11,7,8,3,12,2322,2558,1345,921,1891,.487,300,824,.364,416,610,.682,329,1184,475,200,102,332,496
314,Toledo,34,19,15,.559,0.78,-1.57,11,7,11,4,5,9,2755,2603,1360,979,2087,.469,282,831,.339,363,534,.680,391,1188,500,210,116,425,558
315,Towson,34,19,15,.559,-0.82,-1.44,9,9,11,3,3,10,2354,2248,1365,808,1947,.415,250,812,.308,382,549,.696,342,1140,376,168,96,339,501
316,Troy,33,22,11,.667,-0.76,-4.57,12,6,10,3,9,7,2649,2412,1370,865,1996,.433,239,764,.313,443,633,.700,378,1147,429,229,121,420,557
317,Tulane,33,18,15,.545,-2.50,1.13,8,10,10,8,6,4,2389,2493,1330,853,1946,.438,266,776,.343,521,733,.711,418,1293,473,203,107,392,605
318,Tulsa,33,26,7,.788,11.14,0.78,13,5,13,2,8,4,2824,2409,1335,850,1998,.425,266,810,.328,441,612,.721,345,1077,420,204,99,353,613
319,UAB,32,20,12,.625,3.56,-0.24,11,7,8,9,10,2,2535,2361,1295,854,1978,.432,254,787,.323,399,553,.722,324,1162,430,183,140,379,554
320,UC Davis,33,19,14,.576,-1.09,-1.13,11,9,12,4,6,9,2562,2478,1330,842,1880,.448,243,723,.336,551,751,.734,338,1177,439,215,107,492,669
Rk,School,G,W,L,W-L%,"Simple Rating SystemA rating that takes into account average point differential and strength of schedule. The rating is denominated in points above/below average, where zero is average. Non-Division I games are excluded from the ratings."" data-over-header=""Overall"" >SRS","Strength of ScheduleA rating of strength of schedule. The rating is denominated in points above/below average, where zero is average. Non-Division I games are excluded from the ratings."" data-over-header=""Overall"" >SOS",W,L,W,L,W,L,Tm.,Opp.,MP,FG,FGA,FG%,3P,3PA,3P%,FT,FTA,FT%,ORB,TRB,AST,STL,BLK,TOV,PF
321,UC Irvine,34,23,11,.676,3.65,-1.42,15,5,12,4,7,5,2632,2327,1375,827,2151,.384,271,820,.330,402,569,.707,432,1247,447,226,127,459,616
322,UC Riverside,32,10,22,.313,-7.76,-0.30,5,15,7,7,3,15,2334,2492,1280,887,1883,.471,198,587,.337,520,738,.705,329,1139,439,223,96,357,548
323,UC San Diego,34,23,11,.676,2.32,-1.68,12,8,10,5,8,5,2573,2390,1360,845,2026,.417,283,884,.320,417,580,.719,337,1210,475,207,115,407,558
324,UC Santa Barbara,32,18,14,.563,1.15,-1.82,11,9,11,4,5,8,2483,2328,1300,805,1742,.462,208,618,.337,510,707,.721,258,967,394,227,97,379,582
325,UCF,32,21,11,.656,13.30,10.80,9,9,13,5,5,5,2591,2511,1290,875,1918,.456,259,761,.340,502,676,.743,317,1072,449,190,119,360,552
326,UCLA,34,23,11,.676,18.28,11.55,13,7,17,1,4,6,2643,2414,1375,824,1901,.433,270,849,.318,496,659,.753,364,1115,522,164,103,409,603
327,UNC Asheville,32,15,17,.469,-6.17,-3.89,8,8,9,7,4,9,2349,2334,1295,818,1842,.444,225,688,.327,473,696,.680,337,1075,391,204,87,349,603
328,UNC Greensboro,34,15,19,.441,-11.31,-6.02,9,9,8,6,4,9,2673,2736,1375,969,2094,.463,361,971,.372,437,617,.708,334,1186,485,202,104,322,634
329,UNC Wilmington,32,26,6,.813,2.50,-5.04,15,3,15,3,11,2,2465,2166,1280,750,1847,.406,232,784,.296,434,580,.748,305,1053,350,163,91,328,603
330,UT Arlington,32,18,14,.563,-1.74,-1.70,9,9,9,4,8,8,2240,2134,1295,742,1762,.421,149,558,.267,501,716,.700,324,1017,364,240,109,403,589
331,Utah,32,10,22,.313,6.19,10.94,2,16,8,9,1,10,2379,2531,1285,940,1958,.480,232,661,.351,419,586,.715,348,1121,453,191,140,291,499
332,Utah State,34,28,6,.824,17.36,6.51,15,5,14,1,7,5,2806,2392,1365,800,1888,.424,259,767,.338,533,730,.730,374,1117,400,194,113,483,612
333,Utah Tech,34,19,15,.559,-3.56,-1.30,11,7,11,3,6,10,2612,2548,1395,922,2081,.443,212,702,.302,492,683,.720,411,1220,440,236,86,422,579
334,Utah Valley,33,25,8,.758,5.36,-1.77,14,4,15,0,6,7,2646,2259,1335,768,1852,.415,215,636,.338,508,703,.723,357,1038,406,269,92,501,601
335,UTEP,31,11,20,.355,-6.66,-0.41,7,13,9,7,2,11,2149,2244,1255,755,1692,.446,217,634,.342,517,730,.708,339,1125,405,204,88,393,502
336,UTSA,30,5,25,.167,-14.21,1.44,1,17,2,12,2,12,2084,2422,1200,846,1895,.446,279,825,.338,451,634,.711,420,1245,471,241,135,325,460
337,Valparaiso,33,18,15,.545,-0.03,0.66,11,9,13,4,4,10,2376,2358,1345,836,1882,.444,221,690,.320,465,652,.713,340,1156,409,165,100,382,629
338,Vanderbilt,34,26,8,.765,22.83,11.68,11,7,13,3,8,4,2936,2557,1370,850,1992,.427,243,755,.322,614,816,.752,386,1189,396,176,84,434,651
339,Vermont,34,22,12,.647,-6.82,-10.20,12,4,13,3,8,7,2496,2330,1375,785,1837,.427,268,761,.352,492,666,.739,255,1061,385,186,85,328,563
340,Villanova,32,24,8,.750,16.30,9.93,15,5,13,3,9,3,2469,2265,1295,827,1837,.450,230,678,.339,381,531,.718,341,1110,444,164,78,403,530
Rk,School,G,W,L,W-L%,"Simple Rating SystemA rating that takes into account average point differential and strength of schedule. The rating is denominated in points above/below average, where zero is average. Non-Division I games are excluded from the ratings."" data-over-header=""Overall"" >SRS","Strength of ScheduleA rating of strength of schedule. The rating is denominated in points above/below average, where zero is average. Non-Division I games are excluded from the ratings."" data-over-header=""Overall"" >SOS",W,L,W,L,W,L,Tm.,Opp.,MP,FG,FGA,FG%,3P,3PA,3P%,FT,FTA,FT%,ORB,TRB,AST,STL,BLK,TOV,PF
341,Virginia,34,29,5,.853,21.60,9.36,15,3,16,1,8,2,2742,2326,1385,795,2011,.395,233,755,.309,503,664,.758,379,1114,400,221,106,359,599
342,Virginia Commonwealth,34,27,7,.794,13.19,3.11,15,3,15,2,7,3,2773,2430,1360,864,2004,.431,230,695,.331,472,663,.712,370,1166,435,213,99,405,682
343,VMI,32,6,26,.188,-20.72,-6.03,1,17,5,9,1,14,2303,2560,1280,899,1937,.464,306,871,.351,456,629,.725,393,1294,564,177,88,353,506
344,Virginia Tech,32,19,13,.594,13.28,9.38,8,10,14,3,3,7,2521,2396,1315,872,1947,.448,236,771,.306,416,560,.743,367,1121,410,175,109,385,576
345,Wagner,31,14,17,.452,-11.79,-8.69,8,10,8,5,6,12,2210,2222,1265,764,1770,.432,216,648,.333,478,667,.717,312,1032,413,226,116,322,504
346,Wake Forest,33,17,16,.515,12.57,10.79,7,11,12,6,2,7,2602,2543,1335,861,1945,.443,301,911,.330,520,705,.738,374,1160,496,207,93,414,599
347,Washington,33,16,17,.485,14.17,10.68,7,13,10,6,4,9,2545,2430,1335,866,1980,.437,254,756,.336,444,614,.723,333,1075,425,187,116,325,539
348,Washington State,32,12,20,.375,3.49,5.10,7,11,9,6,1,11,2435,2480,1280,881,1903,.463,245,697,.352,473,633,.747,304,1032,432,228,94,323,535
349,Weber State,32,16,16,.500,-2.82,-2.59,10,8,11,5,5,10,2598,2474,1295,878,1880,.467,239,749,.319,479,661,.725,286,1050,441,199,135,379,587
350,West Georgia,32,15,17,.469,-10.95,-5.78,8,10,10,5,4,11,2450,2547,1295,903,1948,.464,240,725,.331,501,685,.731,330,1152,458,211,75,339,541
351,West Virginia,32,18,14,.563,12.80,8.37,9,9,15,3,3,6,2214,2072,1295,733,1762,.416,235,672,.350,371,514,.722,315,1061,404,208,112,375,516
352,Western Carolina,31,15,16,.484,-6.41,-3.72,10,8,10,3,4,12,2432,2397,1250,813,1765,.461,275,760,.362,496,677,.733,264,1003,389,189,84,331,478
353,Western Illinois,31,5,26,.161,-23.44,-8.16,1,19,4,11,1,15,2011,2381,1245,864,1822,.474,231,654,.353,422,601,.702,337,1127,434,209,126,322,528
354,Western Kentucky,32,18,14,.563,0.47,-0.47,11,9,12,4,5,7,2537,2436,1290,796,1838,.433,264,780,.338,580,836,.694,344,1199,459,194,143,399,604
355,Western Michigan,31,10,21,.323,-8.32,-2.15,4,14,7,8,3,13,2318,2464,1245,849,1843,.461,287,806,.356,479,686,.698,318,1072,464,207,140,306,536
356,Wichita State,33,22,11,.667,8.72,2.10,13,5,14,3,7,4,2562,2324,1350,823,1955,.421,209,670,.312,469,662,.708,362,1125,360,199,112,361,583
357,William & Mary,32,20,12,.625,-0.06,-2.69,10,8,11,2,6,9,2660,2487,1280,857,1969,.435,293,893,.328,480,679,.707,372,1145,461,234,103,453,669
358,Winthrop,34,23,11,.676,-0.64,-4.42,13,3,13,1,7,9,2844,2566,1365,870,2021,.430,280,871,.321,546,750,.728,334,1195,394,198,126,420,762
359,Wisconsin,34,24,10,.706,19.52,12.44,14,6,15,2,6,4,2822,2581,1380,923,2067,.447,276,830,.333,459,630,.729,335,1182,467,155,125,343,591
360,Wofford,32,19,13,.594,-7.38,-7.18,11,7,10,5,9,7,2520,2468,1285,857,1837,.467,255,703,.363,499,655,.762,304,1091,424,184,100,340,548
Rk,School,G,W,L,W-L%,"Simple Rating SystemA rating that takes into account average point differential and strength of schedule. The rating is denominated in points above/below average, where zero is average. Non-Division I games are excluded from the ratings."" data-over-header=""Overall"" >SRS","Strength of ScheduleA rating of strength of schedule. The rating is denominated in points above/below average, where zero is average. Non-Division I games are excluded from the ratings."" data-over-header=""Overall"" >SOS",W,L,W,L,W,L,Tm.,Opp.,MP,FG,FGA,FG%,3P,3PA,3P%,FT,FTA,FT%,ORB,TRB,AST,STL,BLK,TOV,PF
361,Wright State,34,23,11,.676,0.12,-4.44,15,5,11,5,9,5,2745,2497,1365,897,1963,.457,224,678,.330,479,658,.728,325,1063,403,234,116,407,630
362,Wyoming,32,18,14,.563,7.55,4.07,9,11,14,4,3,9,2467,2335,1280,782,1700,.460,207,631,.328,564,802,.703,283,996,353,183,117,360,590
363,Xavier,33,15,18,.455,7.87,10.15,6,14,12,6,1,10,2586,2661,1330,968,2028,.477,260,748,.348,465,661,.703,337,1248,613,194,126,367,517
364,Yale,30,24,6,.800,6.13,-2.51,11,3,10,2,9,3,2453,2129,1215,762,1757,.434,279,803,.347,326,450,.724,296,924,405,155,102,335,534
365,Youngstown State,32,15,17,.469,-4.44,-4.64,8,12,10,5,4,11,2495,2338,1285,834,1851,.451,216,621,.348,454,613,.741,329,1062,393,227,90,403,533
